Nombre Empresa,Email
"Restaurante Salzillo","contacto@restaurantesalzillo.com"
"Restaurante La Peque√±a Taberna","reservas@lapequenataberna.com"
"Restaurante Rinc√≥n de Pepe","eventos@orenesgrupo.com"
"Pura Cepa","puracepa@puracepamurcia.com"
"Restaurante Torremolinos","t968molinos@hotmail.com"
"Lionza","info@lionza.es"
"El Pasaje de Zab√°lburu","pasajedezabalburu@gmail.com"
"Restaurante El Churra","restauranteelchurra@elchurra.net"
"Arrocer√≠a en Madrid Centro | El Caldero","reservashuertas@elcaldero.com"
"Restaurante Hispano","hispano@restaurantehispano.es"
"Pepa Restaurante","murcia@peparestaurante.com"
"El Secreto","capitandelfuegosl@gmail.com"
"La Bien Pag√°","marchaypasa@labienpagagastro.es"
"Restaurante Asador Puerta de Murcia","infopuertademurciarestauarante@gmail.com"
"La Gavacha","lagavacha1@gmail.com"
"Perro Lim√≥n","info@marinea.es"
"La Tapa","info@latapa.com"
"Restaurante Real Casino de Murcia","info@restauranterealcasino.com"
"Frases","frasesrestaurante@gmail.com"
"Enso Sushi","carlos@acidamarketing.com"
"El Pil√≥n de la Negra","reservaselpilondelanegra@gmail.com"
"UDON Murcia","murcia@udon.es"
"Restaurante Pecado","pecadomurcia@gmail.com"
"Restaurante Tikka","restaurantetikka@gmail.com"
"Saona Cartagena","reservas@gruposaona.com"
"Restaurante Sacromonte","info@restaurantesacromonte.com"
"Tasca T√≠o Andr√©s (Cartagena)","tascatioandres@gmail.com"
"Bar restaurante La Bistroteca","605a7baede844d278b89dc95ae0a9123@sentry-next.wixpress.com"
"Bar restaurante ALBEDR√çO","lorca@albedrio.es"
"Canales 5 Brasserie Moderne","contacto@canales5.es"
"Restaurante Magoga","info@restaurantemagoga.com"
"Mi Mare","info@mimarecartagena.com"
"Syrah Cartagena","enorestauracion@gmail.com"
"Alviento Restaurante (1r planta)","info@espacioalviento.com"
"Restaurante D'almansa","jferrerdealmansa@gmail.com"
"Restaurante Cuarenta y tres 43","hola@cuarentaytres.com"
"Nuestra Tradici√≥n / Restaurantes en Cartagena","elabastotradicion@gmail.com"
"Restaurante Eszencia","eventos@eszencia.es"
"Restaurante Cotton Grill","info@cottongrill.es"
"Restaurante Rom√°n","restauranteroman@gmail.com"
"Mugarum K√ìMO KOMO / Exquisito y Saludable","mugarum@restaurantemugarum.es"
"Restaurante Polonia","info@espacioalviento.com"
"AXO Restaurante","axorestaurante@gmail.com"
"Bar restaurante El Sibarita","info@restaurantesibarita.com"
"Casa Tere - antigua Taberna del Buda","pporlan@gmail.com"
"Restaurante La Patrona / Comida Casera","info@restaurantelapatrona.es"
"Restaurante Casa Roberto","go@eventys.eu"
"Restaurante Los Cazorlos","info@restauranteloscazorlos.com"
"Albedr√≠o","lorca@albedrio.es"
"Restaurante Casa Ansiles","info@restaurantecasaansiles.com"
"Restaurante Arima","arimaexperiences@gmail.com"
"Sapidum","wweeiihhuuaanngg@gmail.com"
"Lamarimorena Restaurante","info@lamarimorenarestaurant.com"
"Restaurante Casa Herminio","casaherminio@gmail.com"
"Restaurante Pizzer√≠a Don Giovanni","contacto@pizzeriadongiovannimolina.es"
"GULA SUPREME Molina de Segura","info@starianconsulting.com"
"Entre Oriente Y Occidente","entreorienteyoccidente@outlook.es"
"Restaurante Empalme Archena S.L.","restauranteempalmearchenasl.shop@gmail.com"
"La Parranda Molina","contacto@ejemplo.com"
"Cervecer√≠a Don Pepe","pepefontaguas@hotmail.com"
"Green Sushi Alcantarilla","greensushi@hotmail.es"
"El √Ågape Restauraci√≥n","elagape.catering@gmail.com"
"La Cocina de Ana","info@lacocinadeana.net"
"Asadero Palacio Del Pollo","hola@asaderopalaciodelpollo.com"
"Madera de Boj","maderadeboj.murcia@gmail.com"
"The Wine Bar (Bar de vinos y tapas)","barradevinosmurcia@gmail.com"
"Paparajote Lounge","paparajotelounge@gmail.com"
"Traper√≠a Uno","supercifuentes1@hotmail.com"
"Chill Out Music - Murcia","info@chilloutmurcia.es"
"Camden Bar","gabriela242423@gmail.com"
"Bar Columbus","barcolumbus.shop@gmail.com"
"Parlamento Andaluz","info@parlamentotapeo.es"
"Phelan's Irish Pub","asesor2@avanzafood.com"
"Cervecer√≠a Las Columnas","info@cervecerialascolumnas.es"
"Clinica Dental - Drs. Mu√±oz","info@clinicadentaldrsmunoz.com"
"Cl√≠nica Santos Dental Murcia","info@santos-dental.es"
"Garay Cl√≠nica Dental","info@clinicadentalgaray.com"
"Cl√≠nica Dental San Basilio","info@clinicadentalsanbasilio.es"
"Cl√≠nica Dental CIROM Murcia","info@clinicacirom.com"
"CLINICASOL Odontolog√≠a","%20recepcion@clinicadentalsol.com"
"Cl√≠nica Dental D√°valos & Balboa- Invisalign Murcia- Implantes dentales- Centro","info@davalosybalboa.com"
"Cl√≠nica M√©dico Dental Galea","info@clinicagalea.com"
"Cl√≠nica Dental CENTROFAMA","joseluisccdf@gmail.com"
"Cl√≠nica Dental Ana Guirado","contacto@clinicaguirado.com"
"Cl√≠nica NovoDental","info@clinicanovodental.com"
"Dentista de Urgencias Murcia | Cl√≠nica Dental √Ångel Samaniego","info@clinicadentalangelsamaniego.es"
"Cl√≠nica Dental Cabel","info@cabeldental.com"
"Cl√≠nica Dental Salmer√≥n","info@davidsalmeron.com"
"Serrano Dental ü¶∑","info@serranodental.es"
"Cl√≠nica dental en Murcia | Centro Marta L√≥pez","info@centrodentalmartalopez.es"
"Cl√≠nica Dental Staps","email@ejemplo.com"
"Centro Dental La Merced","info@centrodentallamerced.com"
"Cl√≠nica Dental V√°zquez Natividad","recepcion@vazqueznatividadestetica.com"
"Cl√≠nica dental Hern√°ndez","info@hernandezclinicadental.com"
"Cl√≠nica M√©dico Dental Santiago y Zaraiche.","antoniolopez@clinicadentalsantiagoyzaraiche.com"
"CL√çNICA DENTAL JAIME I","info@clinicadentaljaimeprimero.com"
"Cl√≠nica Dental Dentobell`e","clinica@dentobelle.es"
"Cl√≠nica Dental Infante","info@clinicadentalinfante.es"
"Cl√≠nica Dental Instituto Bocca | Dres Ortega","info@institutobocca.es"
"Clinica Dental Dr. Pablo Mu√±oz","clinicadentalpablomunoz@gmail.com"
"Dental Reyes","info@dentalreyesmurcia.com"
"Dentista Urgencias Murcia Dr. Ismael S√°nchez ODONT√ìLOGO","info@drismaelsanchez.com"
"P√©rez Llanes Cl√≠nica Dental","info@perezllanesclinicadental.es"
"Dra. Susana Talayero Mateu","info@topdoctors.es"
"Oral Studio Murcia","hospitalet2@oralstudio.es"
"Cl√≠nica Dental Del Valle","contacto@clinicadelvalle.es"
"Cl√≠nica Dental Pe√±alver. Tu dentista en Cartagena","info@dentalpenalver.com"
"Cl√≠nica Dental Ortonova","info@clinicaortonova.com"
"Ipsum Centro Odontol√≥gico","direccion@ipsumdental.es"
"Estels Cl√≠nica Dental Cartagena","estelsdental.santa.ana@gmail.com"
"Cl√≠nica Dental DOCE","info@clinicadentaldoce.com"
"CENTRO ODONTOLOGICO CARTAGENA","info@centroodontologicocartagena.com"
"Clinica dental Javier Urios","info@clinicadentalfranciscojavierurios.es"
"Cl√≠nica Dental Coident","clinica@coident.es"
"TREES Clinica Dental","consulta@treesclinicadental.com"
"Estels Cl√≠nica Dental Ciudad Jard√≠n","estelsdental.santa.ana@gmail.com"
"Cl√≠nica Odontol√≥gica Innova","innova@innovadental.com"
"Cl√≠nica Dental Dr Fulgencio Romero","clinicafulgencioromero@yahoo.es"
"Dental & Rodr√≠guez","info@dentalyrodriguez.com"
"Cl√≠nica Ribera Dent Cartagena","clinicadental.cmvc@riberacare.com"
"Cl√≠nica Dental Barrio Peral S.L.","cdbarrioperal@yahoo.es"
"Carthagodental","info@clinicacarthagodental.com"
"Socol√≠","info@socoliodontologia.com"
"Cl√≠nica Dental Jos√© √Ångel Nieto","info@joseangelnieto.es"
"Bibiana Mateos Moreno","clinicanova@clinicanova.es"
"Cl√≠nica Dental Doctor Mancebo","drjmmancebo@gmail.com"
"Cl√≠nica Dental Drs. Juan Jos√© y Juan Guillermo Rojas","crearsalus@gmail.com"
"Cl√≠nica Dental Sutullena","info@clinicadentalsutullena.com"
"Cl√≠nica GM Dental | Lorca","info@clinicagmdental.com"
"Estels Cl√≠nica Dental La Vaguada","estelsdental.santa.ana@gmail.com"
"Cl√≠nica Fuentes Dental S.L.","rgpd@fuentesdental.com"
"Laura Herencia - Cl√≠nica Dental","info@laclinicadelaura.com"
"Centro Odontologico Salvador Jodar Porlan SLP","pedircita@salvadorjodar.es"
"Cl√≠nica Dental Corredera","tclinicacorredera@yahoo.es"
"Cl√≠nica Dental Dr. Jos√© Antonio Lucas Alcaraz","clinicadentlucas@hotmail.com"
"Clinica Dental Dras: Natividad y Rocio P√©rez-Castej√≥n","natividadyrocio@gmail.com"
"vivantadental","tucorreo@ejemplo.com"
"Cl√≠nica Dental Lorca","paginasweb@informaticanosolopc.com"
"Cl√≠nica Dental L√≥pez & Sandoval","info@molinadental.es"
"Cl√≠nica Dental Baleares Dra Mar√≠a Mar√≠n Ruiz Col. 893","contacto@ejemplo.com"
"MOLIDENT - Cl√≠nica Dental en Molina de Segura","contacto@molident.es"
"CLINICA DENTAL SAN JUAN","info@dentistasmolina.es"
"Cl√≠nica dental Antonio Rodr√≠guez Lozano","clinicadentalrl@gmail.com"
"Blanca Ranz Cl√≠nica Dental","info@clinicablancaranz.com"
"Cl√≠nica Dental Arques y Brusca","info@arquesybrusca.es"
"Cl√≠nica dental Ribera Dent Molina de Segura","riberadental@povisa.es"
"AVN Dental","info@avndental.es"
"Cl√≠nica Dental G√°lvez","clinicadentalgalvez@hotmail.com"
"Cl√≠nica odontol√≥gica LEANDENTAL","info@clinicaleandental.com"
"CLINICA DENTAL JUAN FRANCISCO PIQUERAS G√ìMEZ","clinicadentaldrpiqueras@gmail.com"
"Cl√≠nica Dental Dr. Verastegui","placehoder@mail.com"
"Mar√≠a Pilar Piqueras Acevedo","605a7baede844d278b89dc95ae0a9123@sentry-next.wixpress.com"
"Clinica Dental Juan de Dios Teruel","clinicadentaljd@gmail.com"
"CL√çNICA DENTAL ENTREVIAS","info@clinicadentalentrevias.es"
"Cl√≠nica Dental Dra. Ana Bel√©n Mart√≠nez","info@clinicadentalabmartinez.es"
"Cl√≠nica Dental Salzillo","info@clinicadentalsalzillo.com"
"Murcia Dental","%20murciadental@hotmail.com"
"Cl√≠nica Dental Liliana Ortiz","xtemos@gmail.com"
"Cl√≠nica Dental Dr. Vicente Ferrer","info@clinicaferrer.com"
"MHM Abogados","info@mhmabogados.es"
"Francisco Id√°√±ez abogado","franciscoidanez@icamur.org"
"Roco Abogados","consultas@rocoabogados.com"
"Reinicio Legal | Ley de Segunda Oportunidad en Murcia, cancelaci√≥n de deudas y concursos de acreedores","info@reiniciolegal.es"
"ACC Legal Abogados | Despacho de Abogados en Murcia","info@acclegal.es"
"Arte Jur√≠dico Abogados","contacto@artejuridico.es"
"Lexart Abogados","info@lexartabogados.com"
"Esc√°mez Abogados","teresa@escamezabogados.es"
"Cerezo Abogados","info@cerezoabogados.com"
"Mar√≠a Cardona Abogada","info@abogadamariacardona.es"
"Villagaray Abogados","info@villagarayabogados.com"
"Garc√≠a Hern√°ndez Abogados","info@garciahernandezabogados.com"
"PAZ IB√Å√ëEZ MART√çN -Iba√±ez Abogados-","pazibanez@icamur.org"
"Gamb√≠n y Jim√©nez","info@gambinyjimenez.com"
"Gin√©s Riquelme Abogado","gines@ginesriquelme.abogado"
"Pardo Geijo Abogados","pardogeijo@pardogeijo.com"
"Luis Ferrer Abogado","lferrer@gestioneslegales.es"
"MCT Abogados","info@mctabogados.com"
"Yeves & Algar Despacho de Abogados, Divorcios, Penal, Herencias, Accidentes Trafico","info@yevesalgarabogados.com"
"GVC Abogados","contacto@gvcabogados.com"
"Abogados Laborda Monerri","labordatorresabogados@gmail.com"
"KB Abogados","info@kbabogados.com"
"Abogaex Abogados","mohaouli@yahoo.es"
"PMS Abogados","info@pmsabogados.com"
"Abogados Murcia Tr√°fico","info@abogadosmurciatrafico.com"
"MAZA Abogados","hola@mazaabogados.es"
"A. Vicente Abogados","info@avicenteabogados.com"
"√Ålvaro Prieto Abogado","legal@alvaroprieto.es"
"Zoraida Garre Abogados","hola@zoraidagarre.com"
"Alcaraz Cano Abogados","abogados@alcarazcano.es"
"Mariano Bo & Pablo Mart√≠nez Abogados","despacho@mboabogados.es"
"Abogado Juan Jos√© Bravo-Villasante","juanjo@bravo-villasante.legal"
"Caballero Salinas Abogados","abogados@caballerosalinas.com"
"Despacho Calero - Abogados","secretaria@despachocalero.com"
"SIM√ì Abogados Penalistas","despacho@simoabogados.com"
"Pi√±ana","rpinanaconesa@gmail.com"
"Carlos Hern√°ndez Pando","chpando@gmail.com"
"Hern√°ndez y Carrasco Abogados","chpando@gmail.com"
"Berruezo Abogados","info@berruezoabogados.com"
"CA Abogados","citas@caabogados.es"
"T√©cnicas Legales","info@tecnicaslegales.com"
"P√©rez B√≥dalo Abogados - Servicios Jur√≠dicos","contacto@perezbodalo.es"
"Ignacio Hern√°ndez Pi√±ana Abogados","ignaciohpabogado@gmail.com"
"Jos√© Antonio Murcia Casas","joseant_murcia@hotmail.com"
"Ortega D√≠ez Abogados","info@ortegadiezabogados.com"
"Garc√≠a Ram√≠rez Abogados","garciaramirezabogados@gmail.com"
"Ayala Abogados SLP","andres.ayala@ayalaabogados.es"
"Ignacio Moreno S√°nchez Abogado","ignaciomorenosanchez@gmail.com"
"Domingo N√∫√±ez y asociados","domingo@nunezabogados.es"
"Bufete Blanco Abogados","abogadosbufeteblanco@gmail.com"
"Negroles Abogados","juanmanuel@negrolesabogados.com"
"Abogadas Cartagena","info@abogadascartagena.com"
"Casado Mena Abogados SLPU","info@casadomenaabogados.es"
"Garc√≠a Gil Abogados","carlos@garciagilabogados.com"
"Carlos Gonz√°lez Mar√≠n","carlosgonzalezm@me.com"
"Felix Perez Gonzalez","abogado@felixperezgonzalez.es"
"Isabel D√≠ez Abogada de familia","info@ortegadiezabogados.com"
"Gal√°n Juan Abogados SLP","info@galanjuan.com"
"Herce Abogados","info@herceabogados.es"
"Alianza Abogados","info@alianzaabogados.com"
"Madrid Abogados","madridabogados2015@gmail.com"
"Cristian Alberto Mart√≠nez Garc√≠a","citas@caabogados.es"
"Carmen Franco","carmenfranco@carmenfranco.es"
"Elena Mendoza Candela ABOGADA","elenamendozaemc@gmail.com"
"Asesores Cegarra - Abogado Despidos Cartagena","empresas@asesoriascegarra.com"
"LOVAL Abogados","info@lovalabogados.es"
"Jos√© Jorge Cantador Company","info@cantadorabogados.com"
"VILLAGARAY ABOGADOS LORCA","info@villagarayabogados.com"
"Guevara Abogados Murcia","guevaraabogados.info@gmail.com"
"Terrer y Garc√≠a abogados","info@terrerygarcia.com"
"ANA TORRENTE ABOGADOS","anatorrente@anatorrenteabogados.com"
"Mart√≠nez Cardona, Abogados y Asesores","info@martinezcardona.es"
"Legal Lorca Abogados","info@legallorca.es"
"ABOGADOS CAMPOY","abogadoscampoy@gmail.com"
"Arag√≥n y Piccinetti Abogados","info@aragonabogados.com"
"M&Q ABOGADOS","joseluis@mqabogados.com"
"Abogado de Lorca - Juan Mariano Periago Mercado","jmariano.periago@icalorca.es"
"JJ LEX CONSULTOR√çA & ABOGADOS","javier.chuecos@icalorca.es"
"√Åtico Jur√≠dico 26","tafalla.abogados@gmail.com"
"L√≥pez Correas","lola@lopezycorreas.com"
"Abogados Molina de Segura","info@prcabogados.com"
"Ilustre Colegio de Abogados de Lorca","info@icalorca.es"
"Lourdes Jodar Abogados","administracion@lourdesjodar.com"
"GARCIA CLEMENTE ASESORAMIENTO Y GESTIONES S.L","gestoriagarciaclementelorca@gmail.com"
"Alfonso Torrano Abogados","joseangelalfonso@icamur.org"
"Jos√© Gabriel Gil Abogados","josegabrielgil@icamur.org"
"Sinergia Abogados","info@sinergiaabogados.com"
"Pedro Miralles Garc√≠a","info@murciasegundaoportunidad.es"
"Murcia Segunda Oportunidad","info@murciasegundaoportunidad.es"
"Abogados Rosa Ros","info@rosarosabogados.com"
"Open Abogados","info@openabogados.com"
"Hidalgo & de Miguel Abogados","administracion@hidalgoydemiguel.com"
"Abogado Legalytrans","info@legalytrans.com"
"D√≠az Litr√°n Abogados.","diazlitranabogados@gmail.com"
"Easyoffer","info@easyoffer.es"
"Alonso Abogados","consultas@alonsoabogados.es"
"LSG Abogados","info@lsgabogados.com"
"Lexoss Abogados","notificaciones@lexoss.es"
"Hernandez Riquelme Abogados","bufete@hernandezriquelme.com"
"Abogados del Transporte","p.lozano@abogadosdeltransporte.es"
"Cantero Campillo Abogados","jpcantero@cantero-campillo.com"
"Daniel L√≥pez Esteban y Asociados","daniellopezesteban@yahoo.es"
"Torres Abogados","eusebiotorres@icamur.org"
"BEATRIZ CASCALES HERNANDEZ ABOGADA","beatriz.cascales@icamur.org"
"Carmen Guasp Procuradores Murcia","despachoguasp@procuradoraguasp.com"
"Alfonso Martinez Abogados","alfonsomartinezabogados24@gmail.com"
"Vigueras y Carrillo Abogados","info@viguerasycarrillo.com"
"Meoro AvilesAbogados","info@meoroabogados.com"
"Margal asesores jur√≠dicos y legales","hola@abogadosmurcia.eu"
"Montalvo Lucas Abogados","yaraml@icamur.org"
"PJ Abogados","info@pjabogados.net"
"Trihe Abogadas","info@trihe.es"
"Hernandez Y Esturillo","info@hernandezyesturillo.com"
"Administrativando Abogados","info@administrativando.es"
"Legal Boutique","franciscosanchez.abogado@gmail.com"
"Abogados Sanchez&Moya","contacto@ejemplo.com"
"ABOGADO RECLAMACIONES CARTEL DE VEHICULOS","contacto@ejemplo.com"
"Asesor√≠a Santar√©n","info@santaren.com"
"Quo Fitness by VivaGym Murcia centro","contacto.es@vivagym.com"
"Fitness Park Murcia - Atalayas","murcia-atalayas@fitnesspark.es"
"Gym Doris","elranero@gymdoris.es"
"Areafit","605a7baede844d278b89dc95ae0a9123@sentry-next.wixpress.com"
"love fitness murcia","info@lovefitness.es"
"Fitness Park Murcia - Nueva Condomina","murcia-nuevacondomina@fitnesspark.es"
"Gym Doris Old School","elranero@gymdoris.es"
"Levsport Fit Center","1info.levsport@levsport.com"
"AfullFitness","info@afullfitness.es"
"Quo Fitness by VivaGym Murcia Sur","contacto.es@vivagym.com"
"Funziona Entrenamiento Personal en Basic-Fit","info@funziona.fit"
"Sport Training Gimnasio & Box | Entrenador Personal Murcia | Cross training","info@sports-training.com"
"Gimnasio VivaGym Plaza Circular","contacto.es@vivagym.com"
"180 Training Club - Gimnasio en Murcia","info@180club.es"
"Ohio Sport Center","contacto@ohiosportcenter.com"
"180 Training Club - Murcia Ronda Sur","info@180club.es"
"Centro Deportivo √âLITEMCM","info@centrodeportivoelite.com"
"Gym 365 | Tu Gimnasio en Murcia","info@gym365.es"
"Gimnasio VivaGym Cartagena centro","contacto.es@vivagym.com"
"Fitness Park Cartagena ‚Äì Plaza Juan XXIII","cartagena-plazajuanxxiii@fitnesspark.es"
"Fitness Park Cartagena ‚Äì Espacio-Mediterraneo","cartagena-espaciomediterraneo@fitnesspark.es"
"Goafit","goafit.cartagena@gmail.com"
"Gimnasio VivaGym Mandarache","contacto.es@vivagym.com"
"Brooklyn Fitboxing","cartagena@brooklynfitboxing.com"
"Gimnasio Iron Fire","contacto@ironfiregym.es"
"Kumuka CrossFit","info@kumukacrossfit.com"
"UPPER CLUB","info@kickboxingcartagena.com"
"La Atalaya Centro de Entrenamiento","laatalayacentrodeportivo@gmail.com"
"Club Deportivo Santa Ana","correoclub@deportivosantaana.com"
"Fitness Park Murcia - Lorca","lorca-parquealmenara@fitnesspark.es"
"AMG Elite Sport | Entrenamiento para Opositores y Corredores","amgelitesport@gmail.com"
"Gimnasio World Fitness Pasarela Lorca","contacto@ejemplo.com"
"CAO gym","infocaogym@gmail.com"
"CrossFit Lorca - Box Training Center","hola@boxtrainingcenter.com"
"Centro Activate Avenida","info@centroactivate.es"
"Equilibrio Fitness","clientes@equilibriofitness.com"
"AC FITNESS CENTER","info@acfitnesscenter.es"
"Zeta Fitness","info@zetafitness.es"
"Gimnasio VivaGym Vega Plaza","contacto.es@vivagym.com"
"BUDDHA MONKEYS CENTER","buddhamonkeys@gmail.com"
"Equilibrio Line","info@equilibrioline.com"
"Gimnasio Levsport Altorreal","1info.levsport@levsport.com"
"Top Sport Club","info@topsportclub.es"
"Baeza Strength Gimnasio en Murcia","gimnasio@baezastrength.fitness"
"Isabella Gimnasia Pasiva","info@verzonalaguia.es"
"Valknut Box","valknutbox@gmail.com"
"CPG Entrenamiento","carlosperezgonzaleztrainer@gmail.com"
"Spejos Murcia","spejosmurcia@gmail.com"
"Jos√© Mart√≠nez Peluquero","info@verzonalaguia.es"
"Arturo Molina estilistas - Goa Organics, Keratina y Coloraci√≥n","estilistas@arturomolina.es"
"√âBANNI PELUQUER√çAS ECI MURCIA","info@ebanni.com"
"ANA VIDAL ESTILISTAS (Sal√≥n Centro)","info@anavidalestilistas.es"
"M√≥nica Gabarr√≥n Hair Salon Murcia","salon@monicagabarron.com"
"Daniela Ben Curly","daniela@elmetodocurly.com"
"Aralia Estilistas","aralia@araliaestilistas.net"
"Peluquer√≠a Zakaria","peluqueriazakaria@gmail.com"
"Peluquer√≠a y barber√≠a Glam profesional","info@glamprofessional.es"
"Mar√≠a Perea Estilistas Peluquer√≠a Molina de Segura","mariapereaestilistas15@gmail.com"
"Peluquer√≠a Mar√≠a Moreno","peluqueriamariamoreno@gmail.com"
"Peluqueria Organics","contacto@ejemplo.com"
"IRENE ALCARAZ","info@peluqueria-irenealcaraz.es"
"Sal√≥n Imbern√≥n","ana_imbernon@hotmail.com"
"Inmobiliaria de Merche","info@inmobiliariademerche.com"
"Roman Real Estate Murcia","gestion@romanmurcia.com"
"Inmobiliaria Dominguez Centro de Murcia Capital","dominguez@inmobiliariadominguez.com"
"Inmobiliaria Centro Murcia","info@inmobiliariacentro.es"
"Central Inmobiliaria","central@cimurcia.com"
"Inmobiliaria Murcia Redpiso","murcia@redpiso.es"
"La Propiedad","info@inmobiliarialapropiedad.com"
"Inmobiliaria Murcia Residencial","info@murciaresidencial.com"
"Century21 Now","now3@century21.es"
"Bascu√±ana Inmobiliaria","info@solomurcia.com"
"Inmobiliaria Alquilotucasa/Vendotucasa","info@alquilotucasa.com"
"Belgea Inmobiliaria","inmobiliaria@belgea.es"
"Inmobiliaria Murcia Condomina Redpiso","condomina@redpiso.es"
"Fincas Murcia Inmobiliaria","info@fincasmurcia.com"
"Inmobiliaria Costa","inmobicosta@hotmail.com"
"Inmobiliaria Murcia Joven","info@murciajoven.es"
"Inmobiliaria Eugeniya","inmobliariaeugeniya@gmail.com"
"INPROE","administracion@inproe.com"
"Inmobiliaria Rosa y Porta en Murcia","info@rosayporta.com"
"Tu Oportunidad Inmobiliaria","nasensi@apparattum.com"
"U-home Inmobiliaria","info@uhomeinmobiliaria.com"
"Inmobiliaria Murcia San Ant√≥n Redpiso","e.sananton@redpiso.es"
"OC REAL ESTATE INMOBILIARIA","info@ocrealestateinmobiliaria.com"
"Inmobiliaria Motje El Carmen","motjecarmen@comprarcasa.com"
"Promaine Inmobiliaria San Ant√≥n Murcia","info@promaine.com"
"Inmobiliaria Vista alegre murcia (Promurcia Inmobiliarios)","pro@promurcia.com"
"Adaix Murcia Centro","info@ecoadaix.com"
"Inmobiliaria Motje Centro","motjecarmen@comprarcasa.com"
"Agencia Inmobiliaria en Murcia Joaqu√≠n C√°rceles","info@joaquincarceles.com"
"Mundo de Viviendas Inmobiliaria","coordinacion@mundodeviviendas.com"
"Vivienda Murcia Asesores y Servicios Inmobiliarios","info@viviendamurcia.com"
"ILUSI√ìN INMOBILIARIA Ronda Sur","hola@ilusioninmobiliaria.es"
"Inmobiliaria VivenMurcia","info@vivenmurcia.com"
"REMAX Espa√±a (Inmobiliaria)","remax@remax.es"
"Nueva Murcia Inmobiliaria","ana@nuevamurcia.com"
"Inmobiliaria Cartagena Homes","info@cartagenahomes.es"
"EBENEZER INMOBILIARIA CARTAGENA","lidia@inmobiliaria.es"
"El Nido Inmobiliaria","digame@elnidoinmobiliaria.com"
"Inmocartago","inmocartago@inmocartago.com"
"Inmonort","inmonort@hotmail.es"
"Grupo Conesa Inmobiliaria","oficina@grupoconesainmobiliaria.com"
"Inmobiliaria Grupo Aviles","info@grupoaviles.com"
"Inmobiliaria Luna","info@inmobiliarialuna.es"
"Valora Gesti√≥n Inmobiliaria","info@inmobiliariavalora.com"
"Inmonova","info@inmonovacartagena.com"
"M√°s F√°cil Inmobiliarias","info@masfacil.net"
"Grupo Par√≠s Inmobiliaria","info@parisgrupoinmobiliario.com"
"CISA CARTAGENA","gerencia@cisafinance.es"
"Inmobiliaria RK Gesprocasa","info@gesprocasa.es"
"Boluda inmobiliaria","boludainmobiliariaastri@agmail.com"
"Villa Sol Inmobiliaria","info@crearimagen.com"
"InmoCasa10","info@inmocasa10.com"
"Inmobiliaria Nueva Eracart","hola@inmobiliarianuevaera.com"
"M.A.R. INMOBILIARIA","mar@marinmobiliarias.com"
"Ingecom Inmobiliaria","info@inmogecom.com"
"INMOMUR Cartagena Oeste","hello@favethemes.com"
"Rocena Inmobiliaria","mariajose@rocenainmobiliaria.com"
"Urbincasa - Oficina central","callcenter@urbincasa.es"
"Fercana","oficina@fercana.com"
"OASYSHOME INMOBILIARIA","oasyshome@gmail.com"
"AHORA - GESTORES INMOBILIARIOS","carlos.contreras@ahorainmobiliaria.com"
"Group Union","info@inmobiliariagrupounion.es"
"SiMiHogar","info@simihogar.com"
"Avenida 74 Inmobiliaria","inmoavenida74@gmail.com"
"Vivantia Inmobiliaria Lorca","info@vivantiainmobiliaria.es"
"Mundo Inmobiliaria","info@mgilorca.com"
"C√≠rculo Inmobiliario De Lorca","info@circuloinmobiliariolorca.com"
"Vitae Vis | Inmobiliaria en Lorca","info@vitaevis.com"
"CORPI Inmobiliaria LORCA √ìvalo","servicioscentrales@corpi.es"
"INMOBILIARIA CIUDAD DEL SOL","968473648@telefonica.net"
"CRISBELL GESTIONES INMOBILIARIAS","info@crisbell.es"
"Vivende Inmobiliaria - Lorca y Puerto Lumbreras","hola@vivendeinmobiliaria.com"
"Inmobiliaria Gonz√°lez Torroglosa | Consultores Inmobiliarios en Lorca","info@gonzaleztorroglosa.com"
"Inmobiliaria Visi Barn√©s","ana@visibarnes.com"
"Apiventas Inmobiliaria","info@apiventas.com"
"Inmobiliaria M2 Cassa","oficina@m2cassa.com"
"JODAR & ESTRELLA INMOBILIARIA","jodarestrella@gmail.com"
"Inmobiliaria Casas Gestion","info@casasgestioninmo.com"
"PacoHouse Inmobiliaria / Estate agent","info@pacohouse.com"
"Mare Nostrum Consultores","consultoresmarenostrum@gmail.com"
"Vera Sicilia","info@verasicilia.com"
"Solvia Inmobiliaria","comercial@solvia.es"
"Grupo MG","oficinagrupomg@gmail.com"
"Lorimplor","info@lorimplor.com"
"Vivienda Madrid","atencionalcliente@viviendamadrid.com"
"Inmobiliaria Murcia Molina de Segura Redpiso","molinadesegura@redpiso.es"
"G√≥mez Barn√©s Servicios Inmobiliarios","info@gomezbarnes.com"
"ü•áBEST HOUSE Inmobiliaria Gupo Inmobiliario y Financiero en Molina de Segura","molinadesegura@best-house.com"
"Inmobiliaria Rosa y Porta en Molina de Segura","info@rosayporta.com"
"Inmobiliaria INMOSELL","inmoselling@gmail.com"
"City & Co.","info@cityco.es"
"Meseguer Servicios Inmobiliarios üèòÔ∏è","info@grupomeseguer.es"
"Royal Investement","info@royalinvestement.com"
"Inmobiliaria Reinosa Molina de Segura","inmoreinosa@inmoreinosa.com"
"JDLEON INMOBILIARIA","info@jdleon.com"
"Remax Galera","galera@remax.es"
"AJ SPAIN Real Estate & Promotions","info@ajspain.es"
"Gestimol, S.L.","gestimol@gmail.com"
"Soytucasa","info@soytucasa.es"
"Inmobiliaria Carmen","info@inmobiliariacarmen.com"
"CR Romero inmobiliaria","romeroinmobiliaria.murcia@gmail.com"
"INMOBILIARIA BAYONA","contacto@ejemplo.com"
"Entrev√≠as Gesti√≥n Inmobiliaria","info@inmoentrevias.es"
"Inmo Home Spain","info@inmohomespain.com"
"Inmobiliara F√©rez","info@inmobiliariaferez.com"
"Gesti√≥n inmobiliaria Juan Carrillo","juancarrilloagente@gmail.com"
"Inmobiliaria Omega","jms@grupomega.es"
"Consulting Inmobiliario de Murcia","ventas@consultinginmobiliario.com"
"Inmobiliaria Murcia Alcantarilla Redpiso","murcia.alcantarilla@redpiso.es"
"INMODUQUESOS","info@inmoduquesos.com"
"Cremades Capital SL","info@cremadescapital.es"
"Solanum Homes","info@solanum.es"
"Loawr Uazsgi","info@inmoduquesos.com"
"Residencial Milko","info@inmohomespain.com"
"Automoci√≥n Mar√≠n","automocionmarin@gmail.com"
"Retamero Servicios Inmobiliarios","fincas@retamero.info"
"Europa Promos","antonio@europapromos.com"
"Inmobiliaria Proyecto Grupo Inmobiliario","info@proyectogrupoinmobiliario.com"
"Automur","info@automur.es"
"Ken Sherwood (English Mechanic)","kentrike2011@hotmail.co.uk"
"BZMotor","bzmotor2021@gmail.com"
"MURAUTO","info@vantop.es"
"Taller Mec√°nico Cayetano Garc√≠a - Taller de Coches en Murcia","cayetano_45@hotmail.com"
"Talleres Hurtado S.L.","info@tallereshurtado.com"
"Midas MURCIA/Ronda Sur","3706@redmidas.com"
"Midas MURCIA/Ronda Norte","3580@redmidas.com"
"Feralcar mec√°nica automoci√≥n","info@feralcar.com"
"Talleres Lopez Caballero","info@verzonalaguia.es"
"Talleres Autoplus","info@autoplusmurcia.com"
"Talleres El Ranero","info@tallereselranero.es"
"GRUPO C.G.A.","central@grupocga.com"
"TallerBox - Taller mec√°nico, chapa y pintura","info@tallerbox.com"
"Talleres Rodr√≠guez Rubio S L","tallerrubio@gmail.com"
"Ayala automoci√≥n","soporte@webador.es"
"Cresiauto","centrodecarroceria@cresiauto.es"
"Talleres y compra venta de automoviles Alberto","talleresalberto27@gmail.com"
"Taller F√≥rmula Car Automocion","formulacarautomocion@formulacarautomocion.com"
"TALLERES JUAN PEDRO","info@talleresjuanpedro.com"
"Automocion Pelegrin","automocionpelegrin@yahoo.es"
"talleresAMG","automocionangelmoralesgutierrez@outlook.com"
"Mas Motor Lorca","info@masmotorlorca.com"
"VIPECAR","info@vipecar.com"
"Gr√∫as Automoci√≥n El Sur","gruasautomocionelsur@hotmail.com"
"Mart√≠nez Motor","info@martinezmotor.es"
"Talleres monte rally","talleresmonterally@yahoo.es"
"Neum√°ticos √ëico","neumaticos_garsi@hotmail.com"
"Bosch Car Service - Talleres Periago","talleresperiago@bosch-bcs.com"
"Chapa Y Pintura Regino","info@chapaypinturaregino.es"
"Talleres GERM√ÅN","info@talleresgerman.com"
"AUTOCENTROS BERNARDINO MOLINA DE SEGURA","info@autocentrosbernardino.com"
"Talleres J. Cano","info@tallerjcano.es"
"Car-Home: Servicio Integral del Autom√≥vil y Comerciales Ligeros","contacto@car-home.es"
"Talleres Juan Miguel Jover","taller@juanmigueljover.com"
"Talleres Duran","administracion@talleresduran.es"
"TALLERES JUANFRA","talleresjuanfra@hotmail.com"
"Allmec mecanizados","administracion@allmec.es"
"Talleres Iniesta SL","hola@miempresa.es"
"Taller Ressa Florenciano S.L.","atencionweb@moeveglobal.com"
"Talleres Mench√≥n","talleresmenchon@gmail.com"
"FONKASA","fonkasa2013@gmail.com"
"Fontaneria Nicolas","juanantoniomarti18@gmail.com"
"absamotor","citaprevia@absamovil.com"
"Malsan Desatascos 24H","info@malsandesatascos.com"
"Fontazul venta reparacion e instalaciones de fontaner√≠a y reformas","605a7baede844d278b89dc95ae0a9123@sentry-next.wixpress.com"
"Servicios | RK| multiservicios","ramonmorillo@msn.com"
"Fontavis","fontavis@fontavis.es"
"FONTANERIA PEDRIN","info@fontaneriapedrin.com"
"Fontalor s l","fontalor@fontalor.com"
"Fontaner√≠a El Rey","jmblalo22@yahoo.es"
"LAUDE","fontaneria@climatizacionlaude.com"
"Ingespro Calefacci√≥n y Climatizaci√≥n","ingespro@ingespro.com"
"FONTANER√çA LAUDE","fontaneria@climatizacionlaude.com"
"FontecsAzul","fontecsazul@fontecsazul.com"
"Cerbel","cerbel@cerbel.es"
"Canalones Fontecsa | Canaletas y Fosas S√©pticas en Murcia","canalones@fontecsa.com"
"Troquelajes Yagues S.L.","yagues@yagues.com"
"Mesespa","info@mesespa.es"
"Rodrisan Saneamientos Jose Luis Rodriguez SA","info@rodrisan.com"
"Hermanos Blanco","tienda@hblanco.com"
"Fontaneria Molina","antonio@fontaneriamolina.com"
"Cirilo L√≥pez Serrano S.L.","info@clserrano.com"
"Hierros y Suministros Mart√≠nez","admon@hierrosmartinez.com"
"Sergio Madrid Servicios | Fontaner√≠a, Electricidad y Reformas. SM SERVICIOS","sergiomadridservicios@gmail.com"
"FERROTEC - Servicios Integrales de Climatizaci√≥n","protecciondedatos@satferroli.com"
"FARADIOS electricista Cartagena","faradios@outlook.com"
"Electricidad Campoy","tfranciscocampoy4@hotmail.com"
"Emasur","emasur@emasur.net"
"Instalaciones El√©ctricas Roca y Caparr√≥s S.L.","administracion@royca.es"
"JMGN ELECTRICIDAD","jmgnreformas@gmail.com"
"Insetec, Soc. Coop.","insetec@insetec-coop.es"
"Nicamar Montajes El√©ctricos, S.L.","info@nicamar.net"
"Electricidad Bolea S.L.","administracion@electricidadbolea.com"
"INVERCA ELECTRICIDAD S.L.","administracion@invercasl.es"
"Electricistas Cartagena","info@electricistascartagena.pro"
"Oficina Iberdrola Cartagena","clientes@tuiberdrola.es"
"Orion Electric","info@orion-electric.es"
"Novelec Cartago","info@gruponovelec.com"
"Domus Carthago","sat@antenastv.info"
"CONELMEC, S.L.","info@conelmec.es"
"Miguel Bl√°zquez, SL","info@serymangrupo31.com"
"Suministros Electricos Ba√±os","administracion@se-banos.com"
"Electricidad Salvador P√©rez S. L.","gerencia@electricidadsalvadorperez.es"
"PERIAGO Iluminaci√≥n & Dom√≥tica","info@meperiago.com"
"EDISEP Instalaciones Electricas S.L.","info@edisep.com"
"Curro soluciones de energ√≠a SL","puntodeventa@curroenergia.com"
"Instalaciones Fradima Lorca S.L.","info@instalacionesfradimalorca.com"
"INSTALACIONES ELECTRICAS LORCA S.L","inelectriclorca@inelectriclorca.com"
"Revisiones T√©cnicas El√©ctricas, S.L.","info@rtesl.es"
"Electro Stocks Lorca","comercial@grupoelectrostocks.com"
"Electricidad general Carrasco","info@electricidadcarrasco.com"
"Dimensi√≥n,S.L. Lorca","info@dimensionlorca.es"
"JJB Lorca | Tienda y Taller especializado en patinetes el√©ctricos","info@tallerpatineteslorca.com"
"Dieman, S.A","dieman@dieman.net"
"GS Nova Ingenier√≠a","info@auraingenieria.es"
"ElectroSonido","electrosonido_lorca@hotmail.com"
"IVM Renovables","info@ivmrenovables.com"
"Multiservicios Mosan S.L.","info@mosanconstrucciones.com"
"LEYC Electricidad y Climatizaci√≥n","info@leyc.es"
"ILECAM SISTEM | Electricidad, iluminaci√≥n y Seguridad en Molina de Segura","info@ilecam.com"
"Mapelec Instalaciones y Mantenimientos El√©ctricos","mapelec@mapelec.es"
"Idrenergia","info@idrenergia.es"
"Electromain Electr√≥nica Industrial S. L.","electromain@electromain.com"
"Mefesa Soluciones y Suministros El√©ctricos","comercial@mefesa.es"
"Tecnica Industrial Murciana De Electricidad S.L.","tecnicotecimel@gmail.com"
"Musa Electro Service","contact@nimailabs.com"
"A.Gonz√°lez ELECTRICIDAD","info@agonzalezelectricidad.es"
"SISTEIN","sistein@sistein.es"
"Electricidad Gonher S L","gonher@egonher.es"
"Electricista en Murcia - Electricidad Ballesteros","info@electricidadballesteros.com"
"Electro Joven","info@electrojoven.es"
"Farmacia El Palmar 24h","info@farmacia24hmurcia.com"
"Farmacia M¬™ Encarnaci√≥n Garc√≠a-Lax Espinosa","farmaciagarcialax@gmail.com"
"Farmacia Delicias 5","hola@farmaciadelicias5.es"
"Farmacia 24h Oferfarma","info@oferfarma.com"
"Farmacia Prior","farmaciaprior@gmail.com"
"Farmacia Ruano","juanperez@dominio.com"
"Farmacia Maurandi","juanperez@dominio.com"
"Farmacia Maurandi Cb","farmaurandi331@hotmail.com"
"Farmacia Carlos Fern√°ndez P√©rez","juanperez@dominio.com"
"SEFAC (Sociedad Espa√±ola de Farmacia Cl√≠nica, Familiar y Comunitaria)","info@sefac.org"
"Farmacia Abizanda Martinez","juanperez@dominio.com"
"Farmacia Ronda Sur","juanperez@dominio.com"
"Farmacia Helena L√≥pez Calvo","juanperez@dominio.com"
"Farmacia C√©sar Toledo Romero","juanperez@dominio.com"
"Farmacia Mora Flores","teresa.mora@farmamora.es"
"Grupostop","hola@grupostop.eu"
"Dosfarma","info@dosfarma.com"
"Farmacia Alameda 33","juanperez@dominio.com"
"FARMACIA CLEMENTE CARTAGENA.#MERCEDES IGUAZ CLEMENTE","hola@farmaciaclemente.com"
"La Farmacia de Silvia","juanperez@dominio.com"
"Farmacia Dr Pedro Mart√≠nez Moreno. La Farmacia del Mercado","juanperez@dominio.com"
"Farmacia Castillitos. Dr. Guillermo Vivero Salmer√≥n","juanperez@dominio.com"
"Farmacia 365 DIAS 13 Horas Santa Ana. (Ldo. Segundo Ros Sanchez)","juanperez@dominio.com"
"Farmacia la Botica de Laura","juanperez@dominio.com"
"Farmacia 365d√≠as San Felix-Cartagena Norte","juanperez@dominio.com"
"Farmacia San Gin√©s","juanperez@dominio.com"
"Farmacia Ascensi√≥n Barcel√≥ Mercader","juanperez@dominio.com"
"Farmacia Barrio Peral","juanperez@dominio.com"
"Farmacia Elena Saquero Mart√≠nez","juanperez@dominio.com"
"Farmacia MARIA ROSA RUIZ MARTINEZ","juanperez@dominio.com"
"Farmacia Adriana Moreno Arribas","juanperez@dominio.com"
"Farmacia SANTA ANA (Ldo. Miguel M. P√©rez-Guillermo Vald√©s","juanperez@dominio.com"
"La Farmacia de Cecilia (Ciudad Jard√≠n)","juanperez@dominio.com"
"Farmacia Mar√≠a Jos√© Meca Madrid","farmaciameca324@gmail.com"
"Farmacia Cervantes 60 - Farmacia 13h Lorca","hola@farmacialorca.com"
"Farmacia El Bulevar 24 h.","farmaciaelbulevar@hotmail.com"
"FARMACIA SAN JOS√â LORCA","juanperez@dominio.com"
"Farmacia Ortega Melgares","juanperez@dominio.com"
"Farmacia Europa","farmaciaavenidaeuropa@gmail.com"
"Farmacia Santa Rosa","farmaciasantarosalorca@gmail.com"
"Farmac√≠a Ortopedia Santa Quiteria .Lda. Mar√ça Raquel Martinez Gervilla","juanperez@dominio.com"
"FARMACIA Ana Gomez Garcia - 365 d√≠as","farmaciagomez@gmail.com"
"Farmacia Ib√°√±ez","juanperez@dominio.com"
"Farmacia Francisco Casti√±eiras Bueno","juanperez@dominio.com"
"Farmacia Tr√©bol Molina de Segura","hola@farmaciastrebol.com"
"Farmacia Carlos Fern√°ndez, Molina de Segura","carlosfernandezfarmacia@gmail.com"
"Farmacia San Roque. Gil Espallardo, Pedro Gabriel","atencion@farmaciadesanroque.com"
"Farmacia San Jos√©-Los √Ångeles C.B.","juanperez@dominio.com"
"Farmacia Santa Barbara","juanperez@dominio.com"
"Farmacia Reyes Menarguez","ayuntamiento@ayto-alcantarilla.es"
"Farmacia San Jos√© Obrero C. B.","juanperez@dominio.com"
"Farmacia Alcantarilla Jose Manuel Lopez Sanchez","juanperez@dominio.com"
"Vetter - Hospital Veterinario 24h Murcia","vetter@vetterhospital.com"
"Cl√≠nica Veterinaria Murcia Norte","info@veterinariomurcia.es"
"Centro Veterinario Mimos","info@cvmimos.com"
"Cl√≠nica Veterinaria Amigos","hola@amigos.vet"
"JC1Veterinarios","jc1veterinarios@jc1veterinarios.es"
"Vetocardia","info@vetocardia.com"
"Cl√≠nica Veterinaria El Carmen","hola@miempresa.es"
"La Cl√≠nica veterinaria de Manuela","manuvet21@gmail.com"
"Sana Sana Centro Veterinario","info@sanasanacv.com"
"Peludines","contacto@peludin.es"
"Centro Veterinario Amagoia","info@amagoiacv.com"
"Centro Veterinario Dado","cvdado@hotmail.es"
"Cl√≠nica Veterinaria Ex√≥ticos Pluto","info@exoticospluto.com"
"AmiGato Cl√≠nica Felina","info@amigato.es"
"Tus veterinarios Mary Paz y Oscar","tusveterinarios@hotmail.com"
"Cl√≠nica Veterinaria Sauces","clinicasauces@clinicasauces.es"
"Cl√≠nica Veterinaria Ram√≥n y Cajal","cv_ramonycajal@hotmail.com"
"Cl√≠nica Veterinaria Mohati","info@mohati.es"
"Granavet Cartagena, Cl√≠nica Veterinaria especializada en castraci√≥nes","info@vetstudents.eu"
"Pat & Pet Veterinaria","info@veterinariapatpet.com"
"La Cl√≠nica Veterinaria (Marroquina)","rivas@laclinicaveterinaria.com"
"Veterzoo Cartagena","info@veterzoocartagena.com"
"NATUREVET","info@evahernandez.es"
"Cl√≠nica Veterinaria Vetam","vetam@hotmail.es"
"Cl√≠nica Veterinaria PLUMAS","info@clinicaveterinariaplumas.com"
"Clinica Veterinaria Cervantes","cclorca@hotmail.com"
"CLINICANIMAL VETERINARIOS","info@clinicanimalvet.com"
"Cl√≠nica Veterinaria Wau","clinvetwau@gmail.com"
"Animal Home Murcia","info@website.com"
"ISED Madrid","soportevirtual@ised.es"
"Academia Temas Murcia","juanpablo@academiatemas.com"
"Academia CEM ( Centro de Estudios Murcia )","info@academiacem.es"
"Academia Albatros","formacion.albatros@gmail.com"
"Academia Oposiciones Davante MasterD | Murcia","atencionalcliente@masterd.es"
"Academia Olimpia","info@academiaolimpia.es"
"Academia CES FormaOpositores","info@formaopositores.com"
"Acadef","contacto@acadef.es"
"Academia MH Ranero","info@academiasmh.com"
"Academia de oposiciones en Murcia ALC ENTRE PLANTAS","info@alcformacion.com"
"Academia Acceso Oposiciones","info@accesopreparaciondeoposiciones.es"
"Academia Trivium","academiatrivium.al@gmail.com"
"Academia Multiformaci√≥n","info@multifomacion.com"
"Academia de ense√±anza Alba","info@academiaalba.es"
"Academia Oposiciones Docentes","info@oposicionesdocencia.es"
"Academia Darwin","carlos_fl_91@hotmail.com"
"BOB Academy","info@bobacademy.es"
"Academia Innov√°ticos","info@innovaticos.com"
"Academia Puerta Nueva","info@apuertanueva.com"
"GM Oposiciones | Academia de Oposiciones en Murcia","info@gmoposiciones.es"
"Academia Nuevo V√©rtice","administracion@academianuevovertice.com"
"epOnline","info@eponline.es"
"Academia Omar Murcia","info@academiaomar.es"
"Academia Climent","academia@climent.net"
"Epo","matricula@epodocentes.com"
"Englobe Formaci√≥n | Academia de Oposiciones en Murcia","contacto@englobe.es"
"Let¬¥s Go Academy - Academia de ingl√©s en Murcia","letsgoacademyinfo@gmail.com"
"Foro de Estudios Sociosanitarios (Academia de oposiciones)","info@feslformacion.com"
"Instituto Hisp√°nico de Murcia","info@ihdemu.com"
"Academia Universitaria Murcia","formacion@acuniversitaria.com"
"Arpae - Academia Online de Oposiciones de Justicia","info@arpae.es"
"GRUPO atu Murcia","info@grupoatu.com"
"A10","info@a10academia.com"
"Preparaci√≥n de Oposiciones Profesores, Examen PIR , Psic√≥logo Militar, Oposiciones Psicolog√≠a Clinica","oposiciones@cede.es"
"Academia Oposiciones Guardia Civil | Cartagena Murcia | RC Oposiciones","hola@rcoposiciones.es"
"Quantico Centro de Estudios Cartagena","quanticoct@gmail.com"
"Academia Colorines","contacto@academiacolorines.com"
"ACADEMIA J.L REVERTE","enfermeriamilitar.reverte@gmail.com"
"Formaci√≥n Eureka | Academia especializada en oposiciones del Ej√©rcito","info@formacioneureka.com"
"PRAXIS formacion","info@praxisformacion.com"
"Academia aprender a aprender","aca.aprender@gmail.com"
"Ezos S.L.","info@ezos.es"
"Euroformac","info@grupoeuroformac.com"
"Academia Educa Diversia","info@educadiversia.com"
"Vigilant - Centro de estudios - Cartagena","cav@grupovigilant.com"
"HELLO!! NUEVA CARTAGENA","info@helloacademy.es"
"Hello Cartagena!! English Academy","hellocartagena@gmail.com"
"Think English Cartagena","thinkenglish100@gmail.com"
"Tu Academia Online","info@tuacademiaonline.com"
"Academia Policia Nacional DEA Jurispol","secretaria@academiadea.es"
"London's Time idiomas-traducciones","londonstime@hotmail.com"
"SERPOLICIALOCAL.ES - Academia Polic√≠a Local","info@policialocal-cartagena.es"
"Academia Media Luna","info@sitio.com"
"Academia Revolution Lorca - Refuerzo Educativo y Clases Particulares","info@academiarevolution.es"
"Academia Clinamen | Academia en Lorca","academiaclinamen@gmail.com"
"Centro de Estudios Athenea MS","administracion@atheneams.com"
"Escul","info@escul.es"
"Academia Perez de Lema","info@academiaperezdelema.es"
"Academia Isacem Lorca","soporte@webador.es"
"Walken School","example@gmail.com"
"ACADEMIA PEREZ DE LEMA LORCA","info@academiaperezdelema.es"
"Premier Learning Centre","pedrosalgueroanillo@gmail.com"
"ACADEMIA DUA++ Apoyo Educativo","apoyoeducativodua@gmail.com"
"ACADEMIA, LOGOPEDIA y PSICOLOG√çA FORTALEZA DEL SOL","info@fpfortalezadelsol.com"
"Academia Efecto Mozart","info@academiaefectomozart.com"
"Oposdeport - Academia de oposiciones de Educaci√≥n F√≠sica","info@oposdeport.es"
"Campus Alquibla Alameda Abogados - Formaci√≥n","contacto@cvw.es"
"ENYFOR Academia","administracion@enyfor.es"
"Inlingua Idiomas Lorca","lorca@inlingua.es"
"Academia de ingl√©s Bi Molina de Segura (Murcia)","info@academiabi.com"
"AMD Formaci√≥n","amd@amdformacion.com"
"Academia de ingl√©s AMD","amd@amdformacion.com"
"ACADEMIA ROAL","academia.roal@gmail.com"
"The Albion English Academy","info@albionacademia.es"
"Learn English With Us","soporte@webador.es"
"Academia de baile SalsaMania","info@salsamania.es"
"FAMA ESTUDIO DE DANZA","famacenterdanza@gmail.com"
"Academia de Danza Lola Cer√≥n","info@lolaceron.com"
"Vaher Formaci√≥n","info@vaherformacion.com"
"My English House Altorreal - Academia de ingl√©s para ni√±os y adultos","info@myenglishhouseacademy.com"
"STUDIA ACADEMIA ESCOLAR","info@academiaestudia.com"
"Centro de estudios y refuerzo educativo Las clases de Antonio.","cerdivakasanchez@gmail.com"
"Centro de Formaci√≥n F√≥rmula Advance. Academias de ingl√©s. Alcantarilla.","formuladvance@gmail.com"
"Academia Bronze, S.L.","academiabronzeformacion@gmail.com"
"METODOESTE FORMACI√ìN","info@formacionmetodoeste.com"
"FORMACI√ìN QANTARA ASKABA S.L.","info@qantaraaskaba.com"
"Atepol","info@atepol.com"
"Rising Stars","sharonmc@risingstars.es"
"CEPA Alcantarilla","30010267@murciaeduca.es"
"MMMacademy | Academia Tecnol√≥gica","info@mmmacademy.es"
"Rapid English","hello@rapidenglish.es"
"Kent School - Alcantarilla","jana@kentschool.es"
"Academia de M√∫sica Asunci√≥n Asensio","hola@asuncionasensio.es"
"Asesor√≠a en Murcia - EJE ASESORES - Laboral, Fiscal y Contable","info@ejeasesores.com"
"Asesor√≠a Fiscal en Murcia - MY ASESOR√çA FISCAL","cristian@myasesoriafiscal.es"
"Asesor√≠a en Murcia, AVZ Consultores","sergio@avzconsultores.com"
"Asesor√≠a LFJ Consulting Murcia","info@lfjconsulting.es"
"BM3 Asesores - Asesor√≠a Fiscal, Laboral y Contable en Murcia","info@bm3asesores.es"
"Asesor√≠a en Murcia - ASELEC Consultores","contacto@aselecconsultores.com"
"Incomur | Asesor√≠a en Murcia","info@incomur.com"
"Gestor√≠a en Murcia | Gestor√≠a Alc√°zar","info@gestoriaalcazar.com"
"Asesor√≠a de empresas en Murcia Decyde Asesores Tax & Law","viaasesores@viasesores.es"
"Fiscalisy - Asesor√≠a y Gestor√≠a en Murcia","hola@fiscalisy.es"
"Tezconsa Asesor√≠a Murcia","info@tezconsa.com"
"Alkabala Murcia Asesores Tributarios","info@alkabalamurcia.es"
"Gestor√≠a-Asesor Fiscal: David Rubio R√≥denas","davidrubiogestor@gmail.com"
"ASESOR√çA SANTAR√âN MURCIA","info@santaren.com"
"Asesor√≠a Navarro","info@asesoria-navarro.net"
"AGENDA CONSULTING | Asesor√≠a laboral, fiscal y contable en Murcia","info@agendaconsulting.es"
"Arial Consultores | Asesor√≠a en Murcia","arial@arialconsultores.es"
"AP Consultores","info@apconsultores.net"
"Alvarez y Sanchez Asesor√≠as, S.L.","soporte@webador.es"
"Leal & Asociados, sa","correo@leal-asociados.es"
"GADE Asesores y Abogados","gade@gadeasesores.com"
"Azucaque Consultores - Asesores y Auditores en Murcia","nombre@empresa.com"
"Activo Asesores - Asesor√≠a en Murcia","activo@activoasesores.com"
"Carrillo | Asesor√≠a fiscal, legal y jur√≠dica","info@carrilloasesores.com"
"Asesor√≠a AOM","administracion@aomasesores.es"
"Gestor√≠a Hern√°ndez Asociados S.L.","hernandezasociados@gmail.com"
"HERGAR ASESORES, S.COOP.","hergarasesores@hergarasesores.com"
"Asesor√≠a Premium","info@asesoriapremium.com"
"Tribulex Asesores - Oficina de Murcia","info@tribulex.es"
"Himar Asesor√≠a","asesoria@himar.com"
"Alin Gestiona Asesores","alin@alingestiona.com"
"La Seda Asesores","toni@lasedaasesores.es"
"Altec Asesor√≠a","info@altecasesoria.com"
"GESTORIA ALVERA GESTION","abogados@alvera.es"
"Fernando Murcia Asesores Asociados S L","%20fernandomurcia.asesores@gmail.com"
"Asesor√≠a en Cartagena | Pedro Requena Asesores","fiscal@pedrorequenaasesores.com"
"Gestor√≠a Hern√°ndez Carrascosa","gestoriahernandezcarrascosa@gmail.com"
"DMQ Consultor√≠a Empresarial - Asesor√≠a de Empresas","info@dmqconsultoria.es"
"Asesor√≠a Carlos Gonz√°lez Samper","web@cgsamper.es"
"Ser Conectados","carlos@serconectados.com"
"JFGalindo Consultores","info@jfgalindo.com"
"Carrillo Asesores - Cartagena","info@carrilloasesores.com"
"Asemar","arocadiaz@hotmail.com"
"Asesor√≠a Salcedo","%20daniel@salcedoyconsulting.es"
"Adarve Asesores","info@adarveasesores.com"
"MM Asesores Francisco J Mulero Mart√≠nez (suc. Cartagena)","info@muleroasesores.com"
"Alfonso Sanchez Y Asociados","infoasya@alfonsosanchezyasociados.es"
"Ana Laiz Asesores","ana.laiz@analaizasesores.com"
"Maneiros","maneiros@maneiros.es"
"‚úÖ Fab Invest | Asesores Financieros Independientes en Cartagena, Asesor Financiero","consultas@fab-invest.com"
"Carlos Maestre Y Francisco Vera","pedrosalgueroanillo@gmail.com"
"Acosta y Pedrero","info@fcgroup.es"
"CM&ASOCIADOS","info@cmyasociados.es"
"Guimen Consultores - Cartagena","murcia@guimen.es"
"Puerto Asesores","admint@puertoasesores.es"
"Asesor√≠a La Union S. L.","empresas@coaglorca.org"
"Asesor√≠a SF Gesti√≥n Econ√≥mica","asesoria@sfgestion.com"
"Aselor","fiscal@aselor.com"
"Carrillo Asesores","info@carrilloasesores.com"
"Berrafai Asesores S.L.","info@berrafaiasesores.com"
"BERMEJO CONSULTORES","info@bermejoconsultores.es"
"Serveco Asesores Lorca","serveco@serveco.es"
"Asesor√≠a Ovalo","info@asesoriaovalo.com"
"Asesor√≠a Ram√≥n Mateos Consultores","administracion@ramonmateos.com"
"Correas Consultores, S.L.P.","gestion2@dcorreas.com"
"LOPEZ Y CARRASCO ASESORES","lopezycarrasco@lopezycarrasco.com"
"P√©rez Latorre Asesores","info@perezlatorreasesores.es"
"Asesor√≠a Pividal","n@asesoriapividal.com"
"H2a Consultores | Economistas y Abogados","h2a@h2a.es"
"Asesorania","info@asesorania.com"
"Carrillo Asesores - Molina de Segura","info@carrilloasesores.com"
"Virtual Asesores","info@virtualasesores.es"
"Gestorania","info@gestorania.com"
"Gestor√≠a Romero","gestoria@romerogestoria.com"
"Gestoria Ruiz Garcia","info@gestoriaruizgarcia.com"
"Castej√≥n Consultores S.L.P.","info@castejonconsultores.es"
"Wecrem Asesor√≠a y Gestor√≠a","info@wecrem.com"
"BC Grupo Asesor y de Gestion","bcgrupo@bcgrupoasesor.com"
"Asesor√≠a Molina Molina","asesoriamolinamolina@gmail.com"
"Aser Asesores y Abogados","aser@aserasesores.com"
"Gestor√≠a Administrativa Oficial Villar&Asociados","jlvillar@gestormurcia.com"
"INTEGRAE ASESORIA DE EMPRESAS","info@integraeasesoria.com"
"Gestor√≠a Fern√°ndez Breis","breis@gestoriabreis.es"
"ASESORIA RUIZCAN SL","fincasruizcan@gmail.com"
"Dease","deaseasesores@dease.es"
"Asesor√≠a Runi","asesoriaruni@asesoriaruni.com"
"AFuentes arquitectura","estudio@afuentesarquitectaura.com"
"sasa arquitectura","hola@sasaarquitectura.es"
"Abellan asesores","informacion@abellanasesores.com"
"Arquitecto en Murcia DYOV Studio | Dise√±o Interiores ¬∑ Arquitectura Passivhaus ¬∑ Construcciones | Arquitectos en Murcia","hello@dyovstudio.com"
"ESTUDIO DE ARQUITECTURA MARI√ëOSO","josemapas@gmail.com"
"Babel Arquitectos","info@babelarquitectos.com"
"Murcia Arquitectos","info@murcia-arquitectos.com"
"LLANES GRANADOS ARQUITECTOS","info@llanesgranadosarquitectos.es"
"L‚ÄôAURA ORT√çN","hola@lauraortin.com"
"Clavel Arquitectos Asociados","email@clavelarquitectos.es"
"Gisai","gisai@gisai.es"
"UNO100","info@unocienarquitectos.com"
"De la Villa Arquitectos Y Asociados S. L.","contacto@ejemplo.com"
"Ambigua | Estudio de Arquitectura y Dise√±o de Interiores","hola@ambiguaestudio.com"
"Daniel Manche√±o - Arquitecto","dmancheno@me.com"
"Arquitectura de Barrio","adb@arquitecturadebarrio.com"
"Matiz Arquitectura","hola@matizarquitectura.com"
"Pacheco Arquitectos","info@pachecoarquitectos.es"
"Albero Arquitectos Murcia","info@alberoarquitectos.es"
"Luis Larrotcha (Arquitecto)","luis@luislarrotcha.com"
"QUADRUM","info@quadrum.es"
"Santa-Cruz Arquitectura","estudio@santa-cruzarquitectura.es"
"Flora C√°novas Ot√≥n Arquitectura","floracanovasoton@gmail.com"
"Pepe Aguirre Arquitecto","info@pepeaguirrearquitecto.com"
"UFiVe Arquitectura","antonio@ufive.es"
"Leukos Arquitectura. Arquitecto en San Javier, Murcia","info@leukosarchitecture.es"
"Oposiciones Arquitectos","info@oposicionesarquitectos.com"
"Arquitecto.eco | Estudio de Arquitectura","info@arquitecto.eco"
"IH-Arquitectos","administracion@ih-arquitectos.com"
"AVA ARQUITECTOS","info@avaarquitectos.com"
"ZUECO-TOMAS ARQUITECTOS","605a7baede844d278b89dc95ae0a9123@sentry-next.wixpress.com"
"Julio Fern√°ndez Arquitectura","hola@julio-fernandez.es"
"Estudio Pinball","hello@estudiopinball.com"
"Mart√≠n Lejarraga. Architecture Office","estudio@lejarraga.com"
"Estudio Brava","hola@estudiobrava.es"
"AZ55 Arquitectura","info@az55arquitectura.com"
"Arquitectura y Dise√±o. Emebe & Mosan","%20mosan.arquitectura@gmail.com"
"meii estudio","estudio@meii.es"
"Madrid Estudio . Arquitectos","stoni@wgl.com"
"Sen√≠n Arquitectura y Urbanismo","605a7baede844d278b89dc95ae0a9123@sentry-next.wixpress.com"
"Ana Mar√≠a Roche Jim√©nez","stoni@wgl.com"
"Noname Estudio","hola@estudiononame.com"
"Versi√≥n L Arquitectura","info@versionl.es"
"1Zien Arquitectura | Estudio de arquitectura, interiorismo y reformas Cartagena","info@1zien.es"
"G√ÅLVEZ + D√çAZ. Estudio de Arquitectura en Cartagena","info@website.com"
"LumARQUItec SLP","estudio@lucianomartinez.com"
"GRUPO √ÅTIKO","info@grupoatiko.es"
"SE√ëA5 ARQUITECTURA","info@sena5arquitectura.com"
"ARTEMA Arquitectos en Cartagena, Architect","arturo.aguera@gmail.com"
"Arquitectura8urbanismO","arquitectura8urbanismo@gmail.com"
"eva-arquitecta","eva@eva-arquitecta.com"
"Jos√© Antonio Rodr√≠guez Mart√≠n. JARM. ARQUITECTURA Y PATRIMONIO","info@jarm-arquitectura.com"
"Julio P√©rez Estudio T√©cnico","proyectos@julioperez.es"
"PLEGUEZUELOS ARQUITECTURA Y CONSTRUCCION","info@pleguezuelos.net"
"OFIC","info@ofic.coop"
"ECOARC - Estudio de Arquitectos & Ingenierios","ecoarc@ecoarc.es"
"Vive Arquitectura. Proyectos Integrales.","info@vivearquitectura.com"
"Qui√±onero Mart√≠nez Arquitectos","info@quimarquitectos.es"
"Acropolis Arquitectura S.L.","ijuanjo.arq@gmail.com"
"cimarquitectura","carlosiglesias@coamu.es"
"PSM Arquitectura y Urbanismo","info@psmarquitectura.es"
"Ingenier√≠a y Proyectos Integrales","info@proyectosintegrales.org"
"CREA10 | Diego Ruiz & Sergio Carrillo","contacto@ejemplo.com"
"HOMEA ARQUITECTURA","marioagudoat@gmail.com"
"Ilundain Arquitectos","n@i-arq.es"
"Mide y Crea","mideycrea@gmail.com"
"Luna Arquitectura","alvaro@lunaarquitectura.com"
"MI√ëARRO PUERTA Arquitectos S.L.P.","info@minarropuerta.es"
"Arquitectura Romera+Pascual","info@romerapascual.com"
"CALIDADE ARQUITECTURA S.L.P.","info@calidadearquitectura.com"
"Juan Manuel Bermejo Arquitecto","estudio@jmbermejo.es"
"Arquitectos Garc√≠a","info@arquitectosgarcia.com"
"FRANCIS P√âREZ ARQUITECTURA","francis.fpdirecciondeobras@outlook.es"
"Grupo Fragua","info@grupofragua.com"
"Carmen Crevill√©n Arquitecto","carmencrevillen@gmail.com"
"Alberto Garc√≠a Dise√±o Interior","info@alberto-garcia.es"
"Reformas Integrales Art Design","info@art-design.es"
"√Ålvaro Ferrer, arquitecto","contacto@alvaroferrer.es"
"DCR arquitectura","dcrestudio@dcrestudio.com"
"Dirycor SLP","dcrestudio@dcrestudio.com"
"AM Estudio - Arquitectura e Ingenier√≠a","info@amestudio.es"
"El Espacio ZekiGraphic - Centro de actividades creativas - Estudio fotogr√°fico","info@zekigraphic.com"
"Instant√°nea y Tomaprimera","info@instantaneaytomaprimera.com"
"ImaginaFotograf√≠a","luisjavier@imaginafotografia.com"
"Antonio Moreno","formulario.amfotografia@gmail.com"
"Ver√≥nica Teban","%20hola@veronicateban.com"
"Frida D√≠az Salinas","fridadiazsalinas@gmail.com"
"Carmen √âlepe","info@carmenelepe.com"
"Avenoir Fotograf√≠a","info@avenoirfotografia.com"
"Silvia Ferrer","info@silviaferrer.com"
"Sonia M. Lario","hola@soniamlario.com"
"Lidia Lax - Fot√≥grafo de Bodas, Comuniones y Reportajes en Murcia","info@lidialax.com"
"Foto Digital Murcia","email@dominio.com"
"Camera Work Estudio","info@julianbern.com"
"Yessica C√°ceres fotograf√≠a","info@yessicacaceres.com"
"Barita Estudio","info@baritaestudio.com"
"Cristina Navarro Fotograf√≠a","soycristinanavarro@gmail.com"
"Imaginarte","info@imaginarte.info"
"Juanjo Ortiz","contacto@juanjoortiz.com"
"Pepe Bernal Olivares","administracion@pepebernalolivares.es"
"Miguel √Ångel de Luna Fotograf√≠a","info@miguelangeldeluna.com"
"Foto Murcia Centro","fdd.murciacentro@gmail.com"
"Velvia Estudio","hola@velviaestudio.com"
"Climent Imagen - Av. de la Constituci√≥n","info@climent.es"
"Fotograf√≠a San Ant√≥n","info@franciscolopezportillo.com"
"Punctum Creativo","hola@punctumcreativo.es"
"Torres and Torres fotografia","info@torresandtorres.com"
"Enfok2","info@enfok2.com"
"El Objetivo de Lyto - Estudio de fotograf√≠a en Cartagena","info@elobjetivodelyto.com"
"Cayuela Estudio","cayuelaestudio@gmail.com"
"More Photography Cartagena","nmore.photography@outlook.com"
"Manuel Ortiz Fotografos","soporte@webador.es"
"MARTA GARCIA FOTOGRAFIA","hola@martagarciafotografia.com"
"La Tita Eri","hola@latitaeri.com"
"CAT Fot√≥grafa de Momentos","info@divievent.com"
"Sandra Morales Fotograf√≠a","sandramoralesfoto@gmail.com"
"Montes Foto-Electro","foto@montesvideo.net"
"Hipatia Fotograf√≠a","info@hipatiafotografia.es"
"Fot√≥grafo Mario Cayuela","info@mariocayuela.es"
"Parrado Fot√≥grafos","info@parradofotografos.com"
"Elena Mar√≠n Fotograf√≠a","info@daviniamadrigal.comy"
"Restaura tus fotos","info@restauratusfotos.es"
"Javier Alcaraz Fotograf√≠a","javier-alcaraz@hotmail.com"
"Antonio Taza Fotograf√≠a","info@antoniotaza.com"
"Mydream Fotograf√≠a","info@mydreamfotografias.com"
"Iris Caparr√≥s","605a7baede844d278b89dc95ae0a9123@sentry-next.wixpress.com"
"Ayn foto","agustin.agoney@gmail.com"
"Dosmares Fotograf√≠a","juantebar.produccion@gmail.com"
"RETRATON Fotomat√≥n","info@retraton.com"
"Estudio 18","somosestudio18@gmail.com"
"Ester Palacios FotoArte - Almas Enlazadas | Fot√≥grafos de bodas | Lorca","esterpalaciosfotoarte@gmail.com"
"Mar√≠a Jos√© Gamb√≠n Fotograf√≠a Art√≠stica","fotosgambin@gmail.com"
"Abell√°n Estudio Fotogr√°fico","paabellanl@gmail.com"
"Verdu fotograf√≠a","info@verdufotografia.es"
"Fredy Mazza Fotograf√≠a & V√≠deo","info@fredymazza.es"
"JPujante Fotograf√≠a","info@jpujantefotografia.com"
"LAOLA Estudio Murcia","info@laolaestudio.es"
"Granate Laboratorio","email@address.com"
"El estudio de Sergio","srgioriquelme@gmail.com"
"decofoto","decofoto.cb@gmail.com"
"Paco Ruiz Fotograf√≠a","pacoruizfoto@gmail.com"
"Fotomusic","info@fotomusic.com"
"Santin Medeiros Photography","info@santinmedeirosphotography.com"
"Photoshooting","contacto@laindustrial.eu"
"Eva Oliva FOTOART","605a7baede844d278b89dc95ae0a9123@sentry-next.wixpress.com"
"enfoquesdeboda Fotografia&Cine de Bodas","contacto@enfoquesdeboda.com"
"Mazza Comunicaci√≥n Fotograf√≠a V√≠deo","info@mazzacomunicacion.com"
"Majolo Fotografia","info@majolofotografia.es"
"YoTeCaso","info@yotecaso.com"
"NEF FOT√ìGRAFOS","neffotografos@gmail.com"
"Majolo Fotograf√≠a","info@majolofotografia.es"
"Fernanda Nalio Fot√≥grafa","605a7baede844d278b89dc95ae0a9123@sentry-next.wixpress.com"
"Fotograf√≠a Carmen","netma54@hotmail.com"
"MORNING ESTUDIO CREATIVO","info@morningestudio.com"
"Orlas Omega","info@orlasomega.es"
"Flores Miguel","floresmiguel@floresmiguel.com"
"Jos√© Gamb√≠n Fot√≥grafo","clientes@josegambinfotografo.com"
"Joaqu√≠n Mart√≠nez Fotograf√≠a","info@joaquinmartinez.com"
"Florister√≠a Arrixaca","consueloaullo1@gmail.com"
"Florister√≠a Corteflor","antemix@hotmail.com"
"San Nicol√°s floristas","sannicolasfloristas@hotmail.com"
"Concha Floristas","conchafloristas@hotmail.com"
"Florister√≠a Rosi ( La Floristeria de Casillas)","rosifloristas@gmail.com"
"Florister√≠a Loli","raquelgrande2326@gmail.com"
"Kihana Studio Floral","info@kihana.es"
"Flores La Rosaleda","info@verzonalaguia.es"
"FH - Fernando Hijo (flores a domicilio)","fh@fernandohijo.com"
"Tropicalismo","hola@ejemplo.com"
"Art Floral floristas","arte.floral@hotmail.com"
"Protea Blooms","hola@proteablooms.es"
"Florister√≠a Monteazahar","info@floristeriamonteazahar.es"
"Florister√≠a Bamb√∫","noelia.manuz@gmail.com"
"FH - Fernando Hijo","fh@fernandohijo.com"
"Florister√≠a San Francisco","sfrancisco@interflora.es"
"Florister√≠a Oasis","oasisfloristas@gmail.com"
"Florister√≠a Matas","info@floristeriamatas.com"
"Centro de Jardiner√≠a - Florister√≠a La Campana Los Dolores","elmellinas@gmail.com"
"La Esparraguera Floristeria","laesparraguera@laesparraguera.com"
"Florister√≠a La Campana Santa Luc√≠a","huertolacampana@gmail.com"
"Florister√≠a Jos√©","info@floristeriajose.es"
"FLORISTERIA AZALEA DISE√ëOFLORAL","azaleapersonal@hotmai.com"
"Florister√≠a Pedro Navarro","lorca@pedronavarro.es"
"Cl√≠nica de Fisioterapia El Carmen","info@fisioterapiaelcarmen.com"
"Cl√≠nica fisioterapia Fisio Sport Murcia","info@fisiosportmurcia.es"
"Florister√≠a Vanessa","info@floristeriavanessa.com"
"Cl√≠nica La Fama","clinicalafama@clinimur.es"
"Cl√≠nica Nicol√°s Rodr√≠guez Fisioterapia","nico.fisio89@gmail.com"
"Cl√≠nica Padilla - Fisioterapia en Murcia","impallari@gmail.com"
"Dynamics | Cl√≠nica de fisioterapia en Murcia","dynamics.salud@gmail.com"
"Cl√≠nica DeLabra | Fisioterapia Murcia","605a7baede844d278b89dc95ae0a9123@sentry-next.wixpress.com"
"T√°rraga Fisioterapia | Cl√≠nica de fisioterapia, osteopat√≠a y pilates terap√©utico","tarragafisioterapia@gmail.com"
"Centro Avance Fisioterapia y Pilates Reformer","info@centroavance.es"
"Cl√≠nica de Fisioterapia y Osteopat√≠a Antonio D√≠az","clinica.antoniodiaz@hotmail.com"
"Cl√≠nica Fisiolax. Fisioterapia y Pilates","fisiolax@fisiolax.com"
"Cl√≠nica Santa Isabel: Fisioterapia y Pilates Reformer","contacto.clinicasantaisabel@gmail.com"
"Fisiomurcia.es","info@fisiomurcia.es"
"S√∂ma Salud y Bienestar","info@somasaludybienestar.es"
"Cl√≠nica de Fisioterapia y Osteopat√≠a | Arturofisio","hola@arturofisio.com"
"AC Fisioterapia y Osteopatia Murcia","info@acfisioterapiamurcia.com"
"Fisioterapia Osteopat√≠a y Pilates Murcia | DENUEVO Si√©ntete bien","info@denuevo.com.es"
"MBFISIOS FISIOTERAPIA","clinica@mbfisioterapia.es"
"Cl√≠nica Fisiopya","fisio@fisiopya.com"
"Clinica Centrum","info@clinicacentrum.es"
"CLINICA NOVOFISIO","%20gerente@clinicanovofisio.com"
"Fisioterapia Osteopat√≠a y Pilates Murcia Infante | DENUEVO Si√©ntete bien","info@denuevo.com.es"
"FISIOTERAPIA MESEGUER","contacto@fisioterapiameseguer.com"
"Cl√≠nica Andrea Palazzolo ¬∑ Fisioterapia y Pilates","info@andreapalazzolo.es"
"Cl√≠nica de Osteopatia y Fisioterapia Pepe Soler","clinicapepesoler@hotmail.com"
"Cl√≠nica ITYOS","info@clinicaityos.com"
"DALA Cl√≠nica Fisioterapia y Osteopat√≠a","info@clinicadala.com"
"Fisioterapia Marta Ram√≠rez","info@fisioterapiamartaramirez.com"
"Centro Rehab-Fit","tunombre@gmail.com"
"Fisiostreet | Fisioterapia Avanzada","info@fisiostreet.com"
"Unifisio","info@unifisio.es"
"Centro KIPE","info@centrokipe.com"
"CENTRO FISIOTERAPIA INTEGRAL. Irene S√°nchez","605a7baede844d278b89dc95ae0a9123@sentry-next.wixpress.com"
"Fisioterapia avanzada y Osteopat√≠a Antonio Bosque","antoniobl100@gmail.com"
"Maxi Fisioterapia Cartagena","maxifisioterapia@gmail.com"
"Fisioterapia Cl√≠nica Munn Cartagena","marinazapata.fisioterapeuta@gmail.com"
"Belu Francia","belufrancia@gmail.com"
"Centro M√©dico y Fisiot√©rapeutico Corpun","info@centromedicocorpun.com"
"Zenfis Cl√≠nica Fisioterapia Cartagena","clinica@zenfis.com"
"Fisioterapia Reformer","reformer@fisioreformer.com"
"Massalia","centromassalia@yahoo.es"
"CLINICA FISIO CAMACHO","clinicafisiocamacho@gmail.com"
"kynesio","kynesio@kynesio.com"
"Mediterr√°neo Fisioterapia , Osteopat√≠a y Suelo P√©lvico","info@mediterraneofisioterapia.es"
"FYOX","clinicafyox@gmail.com"
"Policlinica Neurofisio S.L.","pneurofisio@gmail.com"
"Jes√∫s Rodr√≠guez Fisioterapia","info@jrfisioterapia.com"
"Fisioterapia Cartagena Grupo Virgen Caridad","fisio.cartagena@riberacare.com"
"CL√çNICA LOCUBICHE","info@clinicalocubiche.es"
"Instituto Cl√≠nico Andreo","info@institutoandreo.com"
"Cl√≠nica Conesa. Odontolog√≠a y fisioterapia.","info@clinicaconesa.com"
"Cl√≠nica Emae Cartagena | Psicolog√≠a, Neuro-rehabilitaci√≥n y Bienestar | Psicolog√≠a, Neuropsicolog√≠a, Logopedia, Fisioterapia","clinicaemae@gmail.com"
"Terapias Bienestar","info@tabienestar.com"
"CMVCARIDAD","garellano@riberacare.com"
"Physical Care Center","physicalcarecenter@gmail.com"
"Practiser Rehabilitaci√≥n","practiser@practiser.net"
"Laura Garc√≠a Costa","info@institutoandreo.com"
"Ceretrur SL","fisioterapiaceretrur@gmail.com"
"Clinica Activa Salud (Active Health)","centroactivasalud@gmail.com"
"Alterfisio","info@alterfisio.com"
"Cl√≠nicaBonaque¬ÆÔ∏è","clinicabonaque@clinicabonaque.es"
"Cl√≠nica Karma. Fisioterapia-Osteopatia-Terapia Manual-Acupuntura","info@clinicakarma.com"
"ESPACIOM","hola@espaciom.net"
"Fisiomar- Cl√≠nica Fisioterapia Integral","fisiomar2153@outlook.com"
"Centro de fisioterapia LUISA PER√ÅN","info@luisafisio.es"
"Cl√≠nica Verbo","info@clinicaverbo.com"
"Cl√≠nica Fisioterapia Poncemar","poncemar@poncemar.com"
"Fisioterapia Lorca","info@fisioterapialorca.com"
"Clinica Quevedo","contacto@clinicaquevedo.com"
"S√ÅNATE Fisioterapia y Podolog√≠a","info@sanate.es"
"Fixend - Cl√≠nica Fisioterapia","info@fixend.es"
"FISTEMA JOS√â CUTILLAS","jose.cutillas@fistemamolina.com"
"FISIOMAT","info@fisiomatmolina.com"
"Clinica terap√©utica NF- Fisioterapia y Podolog√≠a","605a7baede844d278b89dc95ae0a9123@sentry-next.wixpress.com"
"CLINICA FULGENCIO CASTELLON","info@fulgenciocastellon.com"
"Premium Centro M√©dico","administracion@premiumcentromedico.es"
"Clinica Fisioterapia Mariaco Martinez","mcfisioterapia@gmail.com"
"Cl√≠nica KM42 Fisioterapia Deportiva","km42fisioterapia@gmail.com"
"Mario Arnau Fisioterapia","arnau1314@gmail.com"
"KneeHero - Expertos en recuperaci√≥n de rodilla","kneeherooficial@gmail.com"
"Fisioterapia en Murcia | Cl√≠nica San Gin√©s","fisioterapiasangines@gmail.com"
"MURCIA TERAPIA","murciaterapia@murciaterapia.es"
"Cl√≠nica Intad","info@clinicaintad.com"
"T√∫ yo Psic√≥logos LGTB","info@tuyopsicologos.com"
"Promentium | Psicologos y Psiquiatras en Murcia","info@centropromentium.com"
"Aida Naval√≥n Psicolog√≠a","consultatucaso@gmail.com"
"Garner Psic√≥logos - Terapia Online y Presencial en Murcia","info@garnerpsicologos.es"
"Elisa S√°nchez Psic√≥loga","elisasanchezpsicologa@gmail.com"
"Psic√≥loga Pilar Forteza Psicoterapia en Murcia. Centro Psicol√≥gico","pfortezaes@gmail.com"
"Psic√≥logos Murcia. Araceli Gonz√°lez.","contacto@araceligonzalezpsicologa.com"
"MindUp","info@mindup-psicologos.es"
"Dra. Nieves Mart√≠nez-Hidalgo","psicologa@nievesmhidalgo.com"
"Psiqu√©","psiquemurcia@gmail.com"
"MARENS PSICOLOG√çA| Raquel Torrecillas Marcos| Murcia","raquelmarcospsicologa@gmail.com"
"Centro Psicolena","info@centropsicolena.com"
"Raquel Sastre Psic√≥loga","raquel_sastre@hotmail.com"
"Bel√©n Pallar√©s: psicolog√≠a y salud","info@belenpallares.com"
"Centro Psicol√≥gico Gran V√≠a","psicologosgranvia@gmail.com"
"Psic√≥logo Oscar Ruiz L√≥pez - Act√∫a Psicolog√≠a Murcia","oscarruizpsico@gmail.com"
"Centro de Psicolog√≠a Pepa Fern√°ndez","info@pepafernandezpsicologa.es"
"Proalma Psicolog√≠a","proalmapsicologia@gmail.com"
"ENCLAVEPSI. Psic√≥logo ATC","info@enclavepsi.com"
"Psicologa Aliety Fern√°ndez","alietyrep1971@gmail.com"
"Centro Psicol√≥gico Torguet Murcia","info@centremercetorguet.com"
"Psic√≥loga Trinidad Mart√≠nez Salar","trinidadmartinez1@hotmail.com"
"FreeDom: Psic√≥logo en Murcia","informacion.freedom@gmail.com"
"Gala psic√≥loga","info@galapsicologa.com"
"Jorge Carri√≥n Psic√≥logo","info@jorgecarrionpsicologo.com"
"Psic√≥logo Miguel √Ångel Gonz√°lez Medina","soporte@webador.es"
"Rainiero Garc√≠a V√°squez","info@rainierogarcia.es"
"SaludableMente, Psicolog√≠a & Bienestar, Violeta Per√°n","info@violetaperan.com"
"Paula Ram√≠rez - Psic√≥loga","hola@paularamirezpsicologa.com"
"Juan Flores Psic√≥logos","juanflorespsi@gmail.com"
"Accumbens Psicoterapia y Bienestar","contactoaccumbens@gmail.com"
"Psiro: Centro de Psicolog√≠a","pablorobles@psiro.es"
"May P√©rez Psic√≥loga","mayperezpsicologa@gmail.com"
"Consulta Revoluci√≥n","consulta.revolucion@gmail.com"
"AC Psicolog√≠a Cartagena | Expertos en Terapia breve y terapia de pareja I Gabinete multidisciplinar","japaricio.mer@gmail.com"
"Instituto Europeo de Psicolog√≠a Positiva Cartagena-Victoria Mora Psic√≥loga","victoriamboronat@gmail.com"
"HACIENDO JUEGO. Motivaci√≥n, capacidades, autoestima, conducta.","info@haciendojuego.com"
"Mario Cegarra Psic√≥logo","mcegarra91@gmail.com"
"Miriam Andreu Psicolog√≠a","miriamandreu.psicologia@gmail.com"
"Estefan√≠a Rubio, Psic√≥loga","hola@estefaniarubiopsicologa.com"
"anda CONMiGO","contacto@andaconmigo.com"
"Eva S√°nchez Psicolog√≠a","evasanchezpsicologia@gmail.com"
"Ester P√©rez Parra Psic√≥loga","esterperezparrapsicologa@gmail.com"
"Anais Alcaraz Psic√≥loga","info@anaispsicologa.es"
"Pedro Antonio Garc√≠a Hern√°ndez, Psic√≥logo Sanitario","garciahernandezpedroantonio@gmail.com"
"Centro Bernal","info@centrobernal.es"
"Proyecto Tres Gabinete Psicolog√≠a y Pedagog√≠a","psicologos@proyectotres.es"
"Raquel C√°novas Psic√≥loga | Psic√≥logo Infantil Y Adultos en Cartagena","hola@rcanovaspsicologa.com"
"Trinidad Fresno Jim√©nez, Psic√≥logo","info@trinidadfresno.com"
"Psic√≥loga Mercedes Bernal","info@centrobernal.es"
"M√≠a Psicolog√≠a. Elena P√©rez Abad","usuario@dominio.com"
"En CONTEXTO | Centro de Desarrollo infantil y Atenci√≥n Temprana: Psicolog√≠a, Psicopedagog√≠a y Logopedia en Cartagena","info@encotexto.org"
"La Casa Terap√©utica","info@lacasaterapeutica.com"
"Creciendo Psicolog√≠a Infantil, Adolescente y Educativa y Logopedia","info@creciendopsicologoinfantil.com"
"ML NeuroPsicolog√≠a","info@mlneuropsicologia.com"
"PSICOLOG√çALORCA Emilia Ruiz","info@psicologialorca.com"
"Psic√≥logos Bonnet Cartagena: infantil y adultos","info@psicologosbonnet.es"
"√Åpices","apices@apicescartagena.com"
"Psic√≥logos en Lorca. Ansiedad, Depresi√≥n, Fobias, Pensamientos negativos, Separaci√≥n, Terapia de pareja. Mi Zona de Confort","info@mizonadeconfort.es"
"Psic√≥logos Lorca.","hola@gabinetedepsicologiaclinica.es"
"Psic√≥loga Marian Molina","marianmolinajm@gmail.com"
"PSICOTERAL Centro de Psicolog√≠a y Terapias Alternativas, Psicolog√≠a Lorca, Psic√≥loga","605a7baede844d278b89dc95ae0a9123@sentry-next.wixpress.com"
"Mara Amor Psic√≥loga","maraamorpsicologa@gmail.com"
"Gabinete de Psicolog√≠a Ana Belen Segura","usuario@dominio.com"
"PSIC√ìLOGA GENERAL SANITARIA Ver√≥nica Mart√≠nez Barn√©s","info@policlinicatresmur.com"
"Psic√≥logos lorca - M.Luisa S√°nchez Perrino - Ansiedad, depresi√≥n","contacto@psicologoslorca.es"
"Cl√≠nica Sanamar","info@clinicasanamar.es"
"Mensis | Perito Psic√≥logo Forense","mensispsicologiaforense@gmail.com"
"Tu neuropsic√≥logo en Lorca CESAPLORCA Centro Sanitario","info@cesaplorca.com"
"Maria Ascension Guerrero Moya","info@mariaguerrero.com"
"Clinica Vitacentro","info@vitacentro.es"
"KUNYE CENTRO DE TERAPIAS ALTERNATIVAS","kunyecitas@gmail.com"
"CL√çNICA VANESA HERN√ÅNDEZ. PSIC√ìLOGA EN MOLINA DE SEGURA","vhpsico@hotmail.com"
"Mari Cruz Macario Psic√≥loga","maricruzmacariopsicologa@gmail.com"
"GANESH Gabinete de Psicolog√≠a","mj.vicente2013@gmail.com"
"Escribano Psicolog√≠a","javier.cano@escribanopsicologia.com"
"Carmelo Hurtado PSIC√ìLOGO, SEX√ìLOGO Y TERAPEUTA DE PAREJA en Molina de Segura y Online","carmelohurtadogarrido@gmail.com"
"Carmen Mar√≠a Mart√≠nez Cano PSIC√ìLOGA para MUJERES (ansiedad, autoestima y relaciones) en Molina de Segura y Online","carmenmariamartinezcano@gmail.com"
"Almudena Campillo Psic√≥loga","almudenacfpsicologa@gmail.com"
"Gabinete Psicologico Eidos","eidosmolina@yahoo.es"
"ANDREA PERELL√ì PSIC√ìLOGA","andreaperello.psicologia@gmail.com"
"Vanesa L√≥pez - Psicolog√≠a","vl.psicologia@hotmail.com"
"Laura Asensi Psic√≥loga","info@lauraasensipsicologa.es"
"Centro Tilde logopedia y psicolog√≠a","info@centrotildemolina.com"
"centrom√°s","info@centromas.es"
"Cedyt Centro Psicologico","cedyt@cedyt.com"
"Jacinto C√°novas Cayuela","jacinto.canovas@gmail.com"
"Julia Abete Gonz√°lez, Psic√≥loga","user@website.com"
"Cayetana Rouco Psic√≥loga","hola@cayetanaroucopsicologa.es"
"Fernando Ros | Psic√≥logo en Molina de Segura","info@tupsicologoencasa.es"
"Consulta de Uribe","info@consultadeuribe.com"
"COMUNICA Logopedia y Psicolog√≠a","centrocomunica2@gmail.com"
"Marina Hern√°ndez Psicolog√≠a","info@marinahernandezpsicologia.com"
"Mabel Mira Psic√≥loga","equipotaktika@gmail.com"
"Paloma, Psic√≥loga & Dietista","soporte@doctoralia.com"
"Psic√≥logo en Alcantarilla. Alfonso Carretero Ant√≥n","solopsicoterapia@gmail.com"
"Manuela Belando Psic√≥loga","hola@manuelabelando.com"
"Psic√≥logo Francisco Vivancos Belmonte","psicologofranciscovb@gmail.com"
"ADEA - Centro Cl√≠nico. Logopedia, Psicolog√≠a y Fisioterapia Alcantarilla Murcia","info@centroadea.com"
"CREATIVA Interiorismo & Reformas S.L","eva@creativainteriorismoyreformas.com"
"Obdecor Reformas y Construcciones","info@obdecor.es"
"Reformas Mart√≠nez","info@reformasmartinez.com"
"Reformas Regis","contacto@ejemplo.com"
"Marino interiorismo","info@marinointeriorismo.com"
"ROSTRINIUM | Reformas Integrales | Murcia | Alicante","info@rostrinium.com"
"INTRO reformas s.l.","info@introreformas.com"
"‚≠êReformas integrales Murcia - Habitapro","info@konstruktion.com"
"Decor-Aroca","info@decoraroca.com"
"Secuoya Interiorismo Murcia","secuoyainteriorismo@hotmail.com"
"Totducha - Murcia","info@totducha.es"
"EnCasa Reformas","info@encasareformas.es"
"Grupo Hogar","info@reformasgrupohogar.com"
"Aedes 5.0","info@aedes5punto0.com"
"H√°bitat 23","crhabitat23@gmail.com"
"Juan Pedro Reformas e Interiorismo","info@reformasjp.es"
"SERCAMON Construcci√≥n y reformas","presupuestos@limpiezascris.es"
"Reformas andres","info@reformas-andres.es"
"iloftmurcia","hola@iloftmurcia.com"
"Barcel√≥ Reformas + Interiorismo","info@barceloreformas.com"
"Murcia Reformas","info@murciareformas.com"
"Empresas de Reformas en Madrid Presupuestos | VIP Reformas","info@vipreformas.es"
"Reformas Cartagena","info@reformascartagena.pro"
"Sietetres Reformas","tecnico@sietetresreformas.es"
"Reformas en Murcia | Belluga","info@reformasbelluga.es"
"Marina Reformas Cartagena","hola@marinareformascartagena.com"
"Reformas integrales en Cartagena | IGS solutions","info@igs-ct.com"
"LA QUINTA REFORMAS | Construcci√≥n y Reformas en Cartagena","contacto@laquintareformas.es"
"Creativa 314","obras@creativa314.es"
"Daniel L√≥pez Pintura y Revestimiento.","605a7baede844d278b89dc95ae0a9123@sentry-next.wixpress.com"
"Construdirect","info@construdirect.com"
"E2Interiorismo","info@e2interiorismo.com"
"Construcciones Javier Aznar","construcionesjavieraznar@gmail.com"
"CONSTRUCCIONES_ZR","construcciones_zr@hotmail.com"
"Pintores Cartago","pintorescartago@gmail.com"
"Duchaman","presupuestos@duchaman.com"
"Gerifacil","presupuestos@duchaman.com"
"Mm2 Grupo","mm2tecnico@gmail.com"
"Terrapilar Cartagena | Materiales de construcci√≥n","info@terrapilar.com"
"Grupo Art","grupo@grupoart.es"
"Mapemisa","info@mapemisa.com"
"M√úM","comercial@mum.es"
"Grupo Projujo","grupoprojujo@hotmail.com"
"Mar√≠a Conesa. Arquitectura de Interiores, Decoraci√≥n y Reformas","hola@mariaconesa.es"
"Cmsmsoluciones","cmsmsoluciones@gmail.com"
"ARKO Reformas Lorca","hola@arkoreformaslorca.com"
"Guty construcci√≥n y reformas en Murcia y Orihuela Costa build & renovate","info@reformasguty.es"
"YRepara","rachiqali6@gmail.com"
"CONSTRULIFORO, S.L.","construliforo@gmail.com"
"Construcciones Adylor","info@adylor.es"
"Flores & Mart√≠nez Obras y Servicios, S.L.","tecnico@floresymartinez.es"
"ALPEMA CONSTRUCTORA","info@alpema.es"
"BricoFerm√≠n Lorca","info@bricofermin.net"
"Trac√≥n","info@tracon.es"
"Reformas N&M","nestor.wma@gmail.com"
"Fc Lozano Construcciones y Reformas","fclozanoconstrucciones@hotmail.com"
"Ficons","info@ficons.es"
"4 V√©rtices","info@4vertices.com"
"Mart√≠n Garc√≠a Dise√±os","info@xn--martingarciadiseos-20b.com"
"Promociones y Construcciones Luis Molina y J Aguilar SL","info@promocionesyconstrucciones.com"
"TMA","info@construccionestma.com"
"Begomar","info@begomar.es"
"Reformas Jofra","info@reformasjofra.es"
"Reformas Murcia","info@reformasmurcia.es"
"Infinity Build Levante","info@infinitybuild.es"
"Habitalia Proyectos Reformas y Construcci√≥n","miguel@habitaliaproyectos.es"
"Reformas Murcia - Hermanos Guill√©n","guillenbarqueros@icloud.com"
"Prolyco","prolyco@prolyco.com"
"Reformas Plumbing Tecnology","info@plumbingtecnology.es"
"CONCAMAR | Reformas en Murcia","concamar@concamar.com"
"Marketing Digital Murcia ¬Æ","info@marketingdigitalmurcia.com"
"delefant","info@delefant.com"
"Mark-Sonoma","info@mark-sonoma.com"
"InventivIA Agencia SEO Murcia con Marketing Digital ‚ûï IA","contacto@inventiviamarketing.com"
"Grupo Graphic","hola@grupographic.com"
"V√©rtigo Marketing","contacto@vertigomkt.com"
"Lateral Marketing y Comunicaci√≥n","hola@somoslateral.es"
"SERSEO","contacto@serseo.com"
"N7: Agencia","info@n7net.com"
"Pulsap","info@pulsap.es"
"Alta Creaci√≥n","altacreacionagencia@gmail.com"
"bootik branding","tenecesito@bootik.es"
"Bilnea","info@bilnea.com"
"Agencia Kapak","info@kapak.es"
"2VM","hola@agencia2vm.com"
"Recrea Branding","hola@recreabranding.com"
"De MADRE","hola@demadre.es"
"Aqu√≠ Hay Marketing","recurso-1@2x.webp"
"SLOANN - Agencia de Marketing Murcia y Benidorm","hola@sloannagencia.es"
"Pantumaka","toctoc@pantumaka.es"
"Bang.Branding","bang@bangbranding.com"
"SPM Marketing H√≠brido - Agencia de Publicidad y Marketing Digital en Murcia","info@agenciaspm.es"
"Reparto de Publicidad Murcia","ajmatas9982@gmail.com"
"Krealia","info@krealia.com"
"Cepublic","cepublic@cepublic.com"
"BAMICO COMUNICACI√ìN","info@bamicocomunicacion.com"
"Tictag Branding","hola@tictag.es"
"Buzoneo Arz√∫ | Murcia","pedidos@buzoneoarzu.net"
"üé• Praxis Comunicaci√≥n üíª","hola@praxiscomunicacion.com"
"Alejandro Saura","info@alejandrosaura.com"
"Colectivo 3","info@colectivo3.com"
"Crealogic Digital","clg-logo-circ-color@2x.webp"
"Marketing Digital Cartagena ¬Æ","info@marketingdigitalcartagena.com"
"Bien Dicho Comunicaci√≥n","hello@nutheme.com"
"Mccmarketingseo","info@mccmarketingseo.es"
"Agencia Hundred","hola@hundred.es"
"Samuel Moya","info@samuelmoyaa.com"
"MC-publicidadexterior","info@mc-publicidadexterior.com"
"SEO Agency","comercial@seo-agency.es"
"Nubla2","info@nubla2.es"
"Newrona Comunicaci√≥n","info@newronacomunicacion.com"
"Dise√±o Web Cartagena - Salva Igualada üöÄ| Posicionamiento SEO Cartagena | Marketing Cartagena üéØ","hola@salvaigualada.com"
"BRANDE COMUNICACI√ìN, S.L.","info@brande.es"
"MDK/ActualizateStudio","info@agenciamdk.eu"
"Proyecto Redes PDJ","proyectoredes.pdj@gmail.com"
"Blue Moon Graphic","hola@ejemplo.com"
"R√≥tulos Cartagena GRUPO V&V SERVICIOS S.L.","dxncartagena@gmail.com"
"Manxa Studio | Branding, Dise√±o Gr√°fico, Dise√±o Web, Publicidad y Redes Sociales","manxastudio@gmail.com"
"List My Biz Murcia","enquiries@listmybizmurcia.com"
"PREN IBERIA","pren@pren.es"
"veso estudio","hola@vesoestudio.com"
"Zapp Publicidad","ruben@zapppublicidad.es"
"SPM Marketing H√≠brido - Agencia de Publicidad y Marketing Digital en Lorca","info@agenciaspm.es"
"Dise√±o tus mierdas","disenotusmierdas@gmail.com"
"gobizpin","info@gobizpin.com"
"Activa Marketing y Estrategia S.L.","hola@activaretail.com"
"PUBLIMAR","publimarlorca@hotmail.com"
"Espacio La Pecera - Agencia de Comunicaci√≥n Estrat√©gica en Lorca","hola@espaciolapecera.com"
"Agencia Creativa Comunicaci√≥n Multimedia, S.L.","info@agenciacreativa.net"
"Alcalink","hablamos@alcalink.com"
"Relevancia - Agencia de Agromarketing","info@relevancia.es"
"Soy Comunicaci√≥n","info@soycomunicacion.com"
"Free Concept","info@freeconcept.es"
"JUAN TOMAS DIAZ DIAZ","info@freeconcept.es"
"Otro Concepto Agencia de Publicidad","info@otroconcepto.com"
"Tres Publicidad","info@trespublicidad.com"
"P Digital","info@posicionamientodigital.es"
"dr brand factory","hola@drbrandfactory.es"
"SeoFune","gerencia@seofune.es"
"Alkantara Publicidad","info@alkantara.es"
"Caracool","info@caracool.net"
"Agencia de SEO Local en Murcia | make me digital","info@tunegocio.com"
"Consultor SEO Jos√© Blasco","hola@joseblasco.es"
"Carlos Granada","info@ofertopolis.com"
"Tu Marca Plus","info@tumarcaplus.com"
"Cuartobe, Dise√±o y Marketing online","info@cuartobe.es"
"INFINITY | Marketing & Eventos","infinity@infinitymarketingyeventos.com"
"Agencia SEO Dinotech","contacto@dinotech.es"
"BeGraffic LLC","contacto@begraffic.com"
"PUBLIMUR","info@publimur.es"
"Actual√≠zate Studio","info@actualizatestudio.com"
"COMKETING","juan.prieto@comketing.com"
"Marketing Acci√≥n","gestion@marketing-accion.com"
"Falcon Reactions","info@falconreactions.com"
"Agencia de marketing y Publicidad - CarmenConecta","estudio@carmenconecta.es"
"zielho","hola@zielho.com"
"Digitalizaci√≥n Jos√©","digitalizacionjose@gmail.com"
"GyB Agencia de Marketing Murcia","info@fernandezjesus.com"
"Stylo Publicidad","pedidos@stylopublicidad.es"
"Bee Social Media","colmena@beesocialmedia.com"
"Gotta Be Public","hi@gottabepublic.com"
"VICARO Marketing Murcia","info@vicaromarketing.com"
"Ideo","ideoimpresiones@gmail.com"
"Epic Creativos","info@epiccreativos.com"
"Manex Publicidad","soporte@getic.es"
"David Garc√≠a","hola@soydavid.es"
"La Calle","hola@lacalleestuya.es"
"PCBox","ejemplo@mail.com"
"Jes√∫s Guirao","hola@jesusguirao.com"
"Plus Publicidad, S.L.","info@pluspublicidad.es"
"APP Inform√°tica Murcia Centro","ejemplo@mail.com"
"Informarket","consultas@informarket.com"
"SIERRA INFORMATICA","info@infosierra.net"
"King Ordenadores","web@king-informatica.com"
"Compubridge","compubridge@compubridge.es"
"INFORMATICOS MURCIA TINTA Y TONER","info@informaticosmurcia.com"
"Inform√°tica Espinardo","info@informaticaespinardo.es"
"APP Inform√°tica","ejemplo@mail.com"
"Benotac - Apple Premium Reseller","info@benoac.es"
"Inform√°tico a Domicilio Murcia - Infordom","info@infordom.ovh"
"Rossellimac Murcia - Apple Authorized Reseller y Servicio T√©cnico Autorizado","murcia@rossellimac.es"
"Ecom√°tica PCBox Tienda Inform√°tica","info@ecomatica.es"
"Athos Sistemas - Reparaci√≥n de ordenadores y m√≥viles","info@athossistemas.com"
"Intelsyt S.L Inform√°tica","intelsyt@intelsyt.com"
"Cidis S.L.","info@cidis.net"
"TintaCartago","tintacartago@gmail.com"
"Cartagena SAT - Reparacion Moviles Tablets Portatil","info@cartagenasat.com"
"Depau Sistemas S.L.","depau@depau.com"
"K-Tuin","juanperez@dominio.com"
"SOLUCIONES SANTA ANA","info@solucionessantaana.com"
"Soluciones Micra Servicios y Mantenimientos Inform√°ticos","hola@solucionesmicra.es"
"Murtek -Arcade Store-","murtek-arcadestore@outlook.com"
"OliGar Inform√°tica","info@oligarinformatica.com"
"CCA INFORM√ÅTICA","info@ccainformatica.es"
"Grupo Net Inform√°tica","agustin@gruponet.org"
"Mateofic","direccion@mateofic.com"
"Pcreballing.com","info@pcreballing.com"
"Raccoon Technology | Reparaciones de M√≥viles | Xiaomi oficial Lorca | Dynos Lorca","info@raccoontechnology.es"
"SoluTech","xavi.solutech@gmail.com"
"ITC Sistemas Inform√°ticos","info@itcsis.com"
"PC LINK","info@pclink.es"
"DESKTOP","correo@electronico.com"
"Avance Inform√°tica","donate@opencart.com"
"Cerrajero Urgente Murcia 24 horas - Daniel Mtnez","%20normurcerrajeros@gmail.com"
"Alcantarilla.com - Venta y Reparaci√≥n de M√≥viles e Inform√°tica","info@alcantarilla.com"
"JA CERRAJEROS MURCIA","cerrajerosja@gmail.com"
"Mucerrajeros | CERRAJEROS MURCIA","mucerrajeros@gmail.com"
"AGV Cerrajeros Cartagena","agv24h@agvcerrajeros.com"
"Piscitelli Cerrajeros T√©cnicos Cartagena","info@cerrajeroencartagena.comp"
"Autollaves Mr","autollavesmr@gmail.com"
"Segurllave Cerrajeros Cartagena","info@segurllave.es"
"autokeycartagena","info@autokeycartagena.es"
"BEYCA puertas de seguridad","caridad@puertasbeyca.es"
"Teysecar Cartagena","info@teysecar.es"
"MULTIPASE Cerrajeros","multipase.cerrajeros@gmail.com"
"Cerrajeros Lorca Lidon Sl","cerrajeria@lidons.com"
"MasterKey 10","masterkey10@msn.com"
"Clysermur","info@clysermur.com"
"Prointer Murcia. Climatizaci√≥n Profesional y Mantenimiento","murcia@prointer.es"
"Angel Garcia Climatizaci√≥n","angelgarciaclimatizacion@hotmail.es"
"Splitmania Murcia S.L.","splitmania@splitmania.com"
"Jomclima Climatizaciones","info@jomclima.com"
"Climatizaci√≥n Davofrio Murcia","info@www.davofrio.com"
"airecarthago","airecarthagosl@gmail.com"
"CLIMACAR","info@climacar.es"
"Friomar","info@friomarcartagena.com"
"Refrigeraci√≥n Guill√©n","jguillen@refrigeracionguillen.com"
"Vall√©s y Ponce","vallesyponce@gmail.com"
"Rober Conductos","roberconductos@gmail.com"
"Vsr Instalaciones T√©rmicas","vsrinstalaciones@gmail.com"
"Climanga","info@climanga.com"
"Reparaciones Pastrana","reparacionespastrana@gmail.com"
"Climaunion","climaunion42@gmail.com"
"Refrigeraci√≥n Jos√© M√©ndez","info@refrigeracionjmendez.com"
"Perez Franco - Frio, S.L.","perezfrancofrio@gmail.com"
"Diacel Gas","diacelgas@diacelgas.com"
"Climatizaci√≥n S√°nchez","climatizacionangelsanchez@gmail.com"
"Mesursa Naval e Industrial Sl","info@mesursa.es"
"Rcm Climatizaci√≥n y Servicios","ejemplo@gmail.com"
"Mar√≠n D√≠az Climatizaci√≥n S.L.","hola@hola.com"
"ISS Climatizaci√≥n, Aerotermia y Sistema de control de zonas","iss.lorca@gmail.com"
"Lorca Marticamp.S.R.L","info@lorcamartisan.com"
"Aircal, Instalaciones de Climatizaci√≥n","info@aircal.es"
"Climasur Lorca","contacto@climasurlorca.com"
"Instalaciones y Servicios Sostenibles SL","iss.lorca@gmail.com"
"Climayor","climayor@climayor.com"
"T√©cnica Clima","tecnicaclima@tecnicaclima.es"
"KLIMA","administracion@klima.es"
"Klisur Climatizaciones","sat@klisur.es"
"FRIGIBEL - BELCLIMA","info@frigibel.net"
"Juan de Dios Climatizaci√≥n S.L.","info@juandediosclimatizacion.com"
"Zaclima Climatizaci√≥n, S.L.","info@zaclima.es"
"Frio Vizcaino","info@friovizcaino.com"
"CLIMA-FRICOH.S.L.L","info@verzonalaguia.es"
"Climamur","info@climamur.com"
"Frio Baeza","info@friobaeza.net"
"F.C. CLIMA69, S.L.","info@fcclima69.es"
"MH Refrigeraci√≥n","dptotecnico@mhrefrigeracion.es"
"MAFRIMUR SL","mafrimur@mafrimur.com"
"Electroacustica Castej√≥n","administracion@electroacusticacastejon.com"
"Tefrigo Refrigeraci√≥n SL","info@tefrigo.es"
"Bioclimatiza: Climatizadores evaporativos","info@bioclimatiza.es"
"AUTIUS autoescuela Madrid Arg√ºelles - Centro de recuperaci√≥n de puntos","info@autius.com"
"Autoescuela Mar√≠n - Juan XXIII | Autoescuelas Murcia","juan23@autoescuelasmarin.com"
"Autoescuela Ayala | Autoescuelas Murcia","info@autoescuelaayala.com"
"El√©ctricas DPS","info@electricasdps.es"
"Euroclima","info@euroclimamurcia.com"
"Autoescuela La Flota Murcia","info@autoescuelalaflota.com"
"Autoescuela Dakar - Murcia","clementeruiz1@hotmail.com"
"Autoescuela Nueva Cosmos","info@autoescuelanuevacosmos.com"
"Autoescuela Mr Dumi","hola@autoescuelasmrdumi.es"
"Autoescuelas Mar√≠n - Las Norias | Autoescuelas Murcia","juan23@autoescuelasmarin.com"
"Autoescuelas Mar√≠n en Tetu√°n Murcia","juan23@autoescuelasmarin.com"
"Autoescuela SUPER PUM","info@autoescuelasuperpum.es"
"Autoescuela √Åmbar","autoescuela.ambar@hotmail.com"
"Autoescuela Mar Menor autoescuela en El Palmar Murcia","autoescuelamurcia@gmail.com"
"Autoescuela en Murcia - Grupo 98 - Edificio Alba","info@grupo98.com"
"Autoescuelas Grupo98 - Murcia-Infante Recuperaci√≥n de puntos en Murcia","info@grupo98.com"
"Autoescuela en Murcia - Grupo 98 - Junto a Biblioteca Regional","info@grupo98.com"
"Autoescuela San Pancracio","contact@mysite.com"
"Autoescuela Ayala | Juan Carlos I","info@autoescuelaayala.com"
"Autoescuela Maximuxdriver","cosasdelaauto@gmail.com"
"Autoescuela Mr. Dumi","hola@autoescuelasmrdumi.es"
"Autoescuela La Flota","info@autoescuelalaflota.com"
"Autoescuela Traffic light - Autoescuela en Murcia","info@autoescuela.com"
"Autoescuela Pati√±o","autoescuelapatino@contacta.email"
"Autoescuela Autopista","albacete@hoyvoy.com"
"Autoescuela Nuboo","info@quieroconducir.com"
"Autoescuela Principe de Asturias","aeprincipedeasturias@yahoo.es"
"Autoescuela Beteta","autoescuelabeteta1996@gmail.com"
"Autoescuelas San Nicol√°s, El Paseo","info@autoescuelassannicolas.com"
"Autoescuela Espa√±a de Cartagena","info@autoescuelaespanha.es"
"Autoescuela y Centro de Formaci√≥n Nueva Atalaya Cartagena","info@formacionatalayaracing.com"
"Autoescuela San Nicol√°s, Jim√©nez","info@autoescuelassannicolas.com"
"MAC Escuela de Conducci√≥n Autoescuela","your-email@website.com"
"Autoescuela Campillo","gestoriacampillovilla@hotmail.com"
"AUTOESCUELAS JULIO ROSIQUE","info@autoescuelasjulio.com"
"Autoescuelas San Nicol√°s, Los Dolores","info@autoescuelassannicolas.com"
"Autoescuela San Francisco de As√≠s","autoescuela@sanfranciscodeasis.net"
"Autoescuela Carmen, Lorca","contacto@ejemplo.com"
"AUTOESCUELA LORCA","autoescuelalorca@gmail.com"
"Autoescuela Cervantes","formacioncervantes@hotmail.es"
"Autoescuela Brasilia","info@autoebrasilia.com"
"Autoescuela Avenida de Lorca","auto.avenida@terra.es"
"Autoescuela Moya","contacto@autoescuelasmoya.es"
"Autoescuela Cano Formacion y CAP","canolaautoescuela@hotmail.com"
"AUTOESCUELA MOLINA","info@autoescuelademolina.es"
"Autoescuela Mozart S.L.","mozart@autoescuelamozart.es"
"Autoescuela Glorieta D.J.","autoescuelaglorietadj@gmail.com"
"Autoescuela Ambar","autoescuela.ambar@hotmail.com"
"Autoescuela San Nicol√°s, Molina","info@autoescuelassannicolas.com"
"Autoescuela Mister Drive","autoescuelamisterdrive@gmail.com"
"Autoescuela Samaniego","info@autoescuelasamaniego.es"
"Cosa Fina GastroBar","info@cosafinagastrobar.com"
"CafeLab","info@cafelab.es"
"Monalisa Cl√≠nicas","info@monalisaclinicas.com"
"Podoactiva Murcia","podoactivamurcia@podoactiva.com"
"Cl√≠nica Dra. Ana de Le√≥n Murcia","info@clinicasanadeleon.es"
"La Gatera - Cat Caf√©","info@lagateracatcafe.com"
"Cl√≠nica de Injerto Capilar en Murcia y Cartagena | INJERMUR","hola@injermur.com"
"Cl√≠nica Clemente | Dermatolog√≠a, L√°ser y Medicina est√©tica","info@clinicaclemente.es"
"Cl√≠nica Novovisi√≥n Murcia","info@clinicasnovovision.com"
"Aura Cl√≠nicas","hola@aurarnorte.com"
"David L√≥pez Fisioterapia","davidfisioterapia@gmail.com"
"Artem√©dica","dpo@artemedica.es"
"Fisioterapia y Osteopat√≠a Casado Meseguer","fisio.ncm@gmail.com"
"Proper Burger","info@properburgermurcia.com"
"PLENO. Salud en Movimiento","peacefulqode@gmail.com"
"Impala Burger","impalaburger@gmail.com"
"Dinamita Burger Bar","info@dinamitaburgerbar.com"
"Circo Burger","info@circorestaurante.com"
"Clara Ortiz - Psic√≥loga en Murcia","hola@claraortizpsicologa.com"
"Vacania Burger","info@vacaniaburger.com"
"The Risky Burguer","contacto@riskyburger.com"
"Aranda-S√©iquer","consultas@arandaseiquer.es"
"Dr. Jos√© Miguel Rubio P√©rez, Dietista-Nutricionista","soporte@doctoralia.com"
"NuMurcia Atalayas | Dietistas y Nutricionistas en Murcia","info@numurcia.com"
"Dra. Mart√≠nez Bautista Centro M√©dico de Nutrici√≥n y Obesidad, Nutricionista en Murcia","doctoramartinezbautista@yahoo.es"
"Nusade","info@nusade.coms"
"Adriana Guastella | Psiconutrici√≥n y Conducta Alimentaria","%20hola@adrianaguastella.com"
"Rita Cava Roda. Dietista nutricionista, dra. en nutrici√≥n y tecnolog√≠a de alimentos","rita.cava@nutricionymetabolismo.com"
"Numurcia Juan Carlos I Dietistas Y Nutricionistas En Murcia","info@numurcia.com"
"Plan Mediterr√°neo - Nutrici√≥n Y Est√©tica","info@planmediterraneo.com"
"Jos√© Miguel","john@doe.com"
"Dietista y Nutrici√≥n Murcia | BC Salud | Nutrici√≥n y Acupuntura en Murcia","bcsaludmurcia@gmail.com"
"Balans - Alimentaci√≥n Emocional","nutricionemocional@saludbalans.es"
"Plenio Salud Integral","info@plenio.es"
"Virginia Hern√°ndez D√≠az, Dietista Nutricionista","soporte@doctoralia.com"
"Centro de Nutrici√≥n Garaulet","info@garaulet.com"
"Clinica del Pie Rivera Podomur Murcia","riveraclinicadelpie@gmail.com"
"Podoba","info@podoba.es"
"Pod√≥logo Murcia - Cl√≠nica del Pie Javier Gil","info@clinicadelpiejaviergil.com"
"Pod√≥logo Murcia - Cl√≠nica del Pie Puerta Nueva","info@clinicadelpiepuertanueva.es"
"Fernando Barnuevo Palaz√≥n, Pod√≥logo","soporte@doctoralia.com"
"Cl√≠nica del Pie Ronda de Garay - Pod√≥logo Adolfo Chavarr√≠a","podologo.adolfochavarria@hotmail.es"
"Cl√≠nica del pie Cerme√±o Murcia","info@clarkandsons.com"
"Podohome Murcia Podologia a Domilicio","podologiaoneclinic@gmail.com"
"Salud Pie Centros de Podolog√≠a Murcia","clinicassaludpie@gmail.com"
"Cl√≠nica del pie Rivera Pod√≥logo en Murcia","riveraclinicadelpie@gmail.com"
"Alain Afflelou √ìptico y Audi√≥logo Murcia Avda Constituci√≥n","murcia.constitucion@afflelou.es"
"√ìptica Alba Murcia","opticaalba@regmurcia.com"
"√ìpticas y Audiolog√≠a LUPER Murcia","hola@luper.es"
"√ìpticas y audiolog√≠a Luper","hola@luper.es"
"Opticalia","velez@opticaliamurcia.es"
"Noveno B","murcia@novenob.es"
"√ìptica Soloptical Murcia Thader","web@soloptical.com"
"√ìptica y Centro Auditivo Soloptical Murcia Atalayas","web@soloptical.com"
"Centro √ìptico S√°nchez","info@sanchezcentrooptico.com"
"Optica en Murcia. Optica Romana","info@opticaromana.es"
"√≥ptica ALC√ìN Aud√≠fonos","info@opticaalcon.com"
"Farmacia La Pur√≠sima 365","juanperez@dominio.com"
"Kizami Sushi","kizamisushirestaurante@gmail.com"
"Sibuya Urban Sushi Bar","hola@gruposibuya.com"
"Sushisom Murcia","murcia@sushisom.net"
"Ohayo sushi fusion","605a7baede844d278b89dc95ae0a9123@sentry-next.wixpress.com"
"Miss Sushi","murcia@misssushi.es"
"Kokoro Gastro Sushi","info@kokorogastrosushi.com"
"Hospital de Urgencias Veterinarias Regi√≥n de Murcia","huvemur@veterinariourgente.com"
"BƒÅru","nhola@baru.es"
"Green sushi","greensushi@hotmail.es"
"Casa Yan","zouxuanxuan@me.com"
"La Casa de Xu","info@turismoregiondemurcia.es"
"China House Co.","eventos@orenesgrupo.com"
"Restaurante chino aut√©ntico Anchong","restauranteanchong@gmail.com"
"Gran Mundo","granmundomur@gmail.com"
"Ortopedia Precisi√≥n","info@ortopediaprecision.com"
"La Mafia se sienta a la mesa","info@lamafia.es"
"ORTOPEDIA SANTA EULALIA","info@ortopediasantaeulalia.es"
"1000 Central M√©dica","1000centralmedica@1000central.es"
"Cl√≠nica DRM Murcia ¬∑ Logopedia ¬∑ Psicolog√≠a","informacion@clinicadrm.es"
"Kebab Rey Murcia.","info@verzonalaguia.es"
"Hablando Logopedia","info@hablandologopedas.com"
"Centro Alodis","info@centroalodis.es"
"Original DKB","info@originaldkb.com"
"Saraena - Logopedia ¬∑ Psicolog√≠a ¬∑ + Salud","hola@clinicasaraena.com"
"Rosa Contreras Logopedia Cl√≠nica, Escolar y Foniatr√≠a","rosalogocent@gmail.com"
"Bar Pepe de los Jamones","pepedelosjamones@gmail.com"
"Hablando Logopedia Infante","info@hablandologopedas.com"
"Cervecer√≠a Tira la ca√±a","reservas@cerveceriatiralacana.com"
"Hablando Logopedia San Ant√≥n","info@hablandologopedas.com"
"PsicoLogopedia Murcia","alberto@psicologopediamurcia.com"
"Centro Pilar Sesma: Cl√≠nica de logopedia, psicolog√≠a y pedagog√≠a.","info@centropilarsesma.com"
"Instituto Terap√©utico Integral","info@institutoterapeuticointegral.com"
"Confiter√≠a Espinosa","info@espinosa.es"
"Lenguaje y Emociones (Psicolog√≠a y Logopedia)","info@lenguajeyemociones.com"
"Confiter√≠a La Peladilla","lapeladilla@hotmail.com"
"Obrador Convento San Antonio","info@oconventosanantonio.com"
"Pan Moreno","info@panaderiamoreno.com"
"Panader√≠a El Rojo 1939","estudio@enfatika.com"
"Exxquisito Churrer√≠a","clientes@exxquisitochurreria.com"
"Panader√≠a de Alfonso","contacto@panaderiaalfonso.com"
"La Vieja Aduana","soporte@webador.es"
"Chocolater√≠a Valor","chocolaterias@valor.es"
"TUS + Centro de Est√©tica - Murcia","info@ivof.com"
"√Ångela Morente","info@angelamorente.com"
"MiLena est√©tica","admn@milenaestetica.com"
"Churrer√≠a churrox","churrox2014@gmail.com"
"Centro de Est√©tica Murcia L√°ser","murcialasser@gmail.com"
"Centro Loveliness Salud y Belleza","loveliness.murcia@gmail.com"
"Est√©tica Avanzada Silvia Marcolino","cesilviamarcolino@gmail.com"
"Pau Est√©tica Integral Avanzada, BIENESTAR INTEGRAL y BELLEZA CONSCIENTE","info@pauesteticaintegral.net"
"Belleza Cosma","info@bellezacosma.com"
"Lola Bernal | Cl√≠nica Est√©tica Murcia","clinicalolabernal@gmail.com"
"Elisa Navarro | Centro de Est√©tica Avanzada en Murcia","hola@elisanavarro.com"
"Dr Tom√°s Zamora. Cl√≠nica Est√©tica","info@drtomaszamora.com"
"Senzia Centro de Belleza","info@senziabelleza.com"
"Liliya Beauty Center","hola@liliyabeautycenter.com"
"Lola Mart√≠nez - Centro Est√©tico Murcia","info@esteticalolamartinez.es"
"Vital & Style - Tratamientos - Centro de Estetica Natural","info@vitalstyle.eu"
"Dra. Iris Martinez - Doctores Dental Murcia","info@doctoresdental.com"
"Fran Barahona Ayurveda Spa","info@franbarahona.com"
"Japanese Head Spa Murcia - Spa Capilar Murcia","murcia@japaneseheadspa.es"
"Spa Piscinas y Circuito Balnea - Balneario de Archena","info@balneariodearchena.com"
"Lohega Spa Urbano","lohega.spa@gmail.com"
"Balneario de Leana","info@leana.es"
"Hotel Lodomar Spa & Talasoterapia","reservas@lodomar.com"
"Los Periquitos Hotel & Spa","recepcion@hotellosperiquitos.com"
"Aguas Termales BA√ëOS EL POZO EN LOS BA√ëOS DE MULA","gerencia@balnearioelpozo.es"
"MasajesDv Murcia - Masajes er√≥ticos en Murcia","masajesdv@hotmail.com"
"Poseidon La Manga Hotel & Spa - Dise√±ado para Adultos","reservas.lamanga@hotelesposeidon.com"
"Masajes Natural Secrets","info@naturalsecretsmurcia.es"
"Dreams Masajes Murcia","dreamsmurcia6@gmail.com"
"Hotel Hyltor","info@hotelhyltor.com"
"Olimpia bienestar y relajaci√≥n","info@olimpiamasajes.com"
"A&G Belleza y bienestar","info@bellezabienestarag.com"
"Quiromasaje Murcia - Masajes en Murcia","sonia@quiromasajemurcia.com"
"JRC Quiromasaje","contacto@ejemplo.com"
"Eternity love","info@eternityloveestetica.digitalizayemprende.com"
"Lin Nails Murcia","jueyuanlin84@gmail.com"
"Soraya S'Nails","info@sorayasnails.com"
"New Nails Professional","info@newnails.shop"
"Anna Nails Centro Est√©tica - Murcia","info@nails.com"
"Elha Laser Center Murcia Isaac Alb√©niz","info@elhadepilacionlaser.com"
"Depileo Depilaci√≥n L√°ser Murcia","depileodepilacionlaser@gmail.com"
"Laser King Center | Depilaci√≥n L√°ser Murcia","hola@laserkingcenter.com"
"Centro Depilaci√≥n L√°ser SHR | Reme Aguilar | Murcia Centro","info@centroremeaguilar.com"
"Medicalaser","info@medicalaser.es"
"LASERPLUS MURCIA","info@laserplusmurcia.com"
"Grupostop Murcia Depilaci√≥n L√°ser","hola@grupostop.eu"
"Estetika Laser","estetikalaser@hotmail.com"
"Black Jack Tattoo By Jaggo","blackjacktattoomurcia@gmail.com"
"Tattoo , piercing Laser Murcia , Todo o Nada","info@todoonadatattoo.com"
"Tattoo StudioT Murcia - Piercings","contacto@social11.es"
"PAQUI PELLICER DEPILACI√ìN L√ÅSER","info@paquipellicerdepilacionlaser.com"
"Tatuajes Murcia - JhayP tattoo & piercing","juan31mm@gmail.com"
"Energy Art Tattoo","info@energyartattoo.com"
"Losie Tattoo Murcia","losietattooart@gmail.com"
"MADRE SANTA Tattoo Studio Murcia Tatuajes Piercing","reservas@madresanta.tattoo"
"L√ÅSER MURCIA","infolasermurcia@gmail.com"
"Tatuajes Cuervo Murcia","info@tatuajescuervo.es"
"Paco Cachadas Tattoo Academy - Estudio y Academia de Tatuajes","pacocachadas@gmail.com"
